sourceIndex,fdcId,name,sourceCategory,kcalPer100g,energyNutrient,quantity,unit,gramWeight,portionSourceId
653,321358,"hummus, commercial",legumes and legume products,229,1008,2,tablespoon,33.9,118804
654,321359,"milk, reduced fat, fluid, 2% milkfat, with added vitamin a and vitamin d",dairy and egg products,50,1008,1,cup,227,118805
655,321360,"tomatoes, grape, raw",vegetables and vegetable products,27,1008,1,cup,152,118809
906,321611,"beans, snap, green, canned, regular pack, drained solids",vegetables and vegetable products,21,1008,1,cup,129,118859
1195,321900,"broccoli, raw",vegetables and vegetable products,32,1008,1,cup,76,118864
1523,322228,"milk, lowfat, fluid, 1% milkfat, with added vitamin a and vitamin d",dairy and egg products,43,1008,1,cup,233,118891
1854,322559,"milk, nonfat, fluid, with added vitamin a and vitamin d (fat free or skim)",dairy and egg products,34,1008,1,cup,229,118920
2187,322892,"milk, whole, 3.25% milkfat, with added vitamin d",dairy and egg products,60,1008,1,cup,229,118951
2416,323121,"frankfurter, beef, unheated",sausages and luncheon meats,314,1008,1,piece,48.6,118987
2589,323294,"nuts, almonds, dry roasted, with salt added",nut and seed products,620,1008,1,cup,135,119012
2739,323444,"cheese, ricotta, whole milk",dairy and egg products,157,1008,0.2,cup,64.6,119036
2800,323505,"kale, raw",vegetables and vegetable products,35,1008,1,cup,20.6,119057
2899,323604,"egg, whole, raw, frozen, pasteurized",dairy and egg products,150,1008,100,g,100,
2992,323697,"egg, white, raw, frozen, pasteurized",dairy and egg products,48,1008,100,g,100,
3088,323793,"egg, white, dried",dairy and egg products,376,1008,1,cup,107,119070
3333,324038,"sauce, salsa, ready-to-serve","soups, sauces, and gravies",29,1008,2,tablespoon,35.7,119097
3452,324157,"sausage, breakfast sausage, beef, pre-cooked, unprepared",sausages and luncheon meats,328,1008,100,g,100,
3612,324317,"onion rings, breaded, par fried, frozen, prepared, heated in oven",vegetables and vegetable products,288,1008,1,piece,20.2,119129
3948,324653,"pickles, cucumber, dill or kosher dill",vegetables and vegetable products,12,1008,100,g,100,
4155,324860,"peanut butter, smooth style, with salt",legumes and legume products,597,1008,1,cup,258,119208
4331,325036,"cheese, parmesan, grated",dairy and egg products,421,1008,1,tablespoon,7.6,119233
4493,325198,"cheese, pasteurized process, american, vitamin d fortified",dairy and egg products,366,1008,1,slice,20.6,119257
4582,325287,"grapefruit juice, white, canned or bottled, unsweetened",fruits and fruit juices,37,1008,1,cup,257,119275
4725,325430,"peaches, yellow, raw",fruits and fruit juices,42,1008,1,cup,154,119282
4819,325524,"seeds, sunflower seed kernels, dry roasted, with salt added",nut and seed products,612,1008,1,cup,127,119299
4953,325658,"sausage, italian, pork, mild, cooked, pan-fried",sausages and luncheon meats,322,1008,100,g,100,
5166,325871,"bread, white, commercially prepared",baked products,270,1008,1,slice,27.3,119338
5287,325992,"sausage, turkey, breakfast links, mild, raw",sausages and luncheon meats,169,1008,100,g,100,
5430,326135,"cheese, swiss",dairy and egg products,393,1008,1,slice,10.9,119398
5491,326196,"kale, frozen, cooked, boiled, drained, without salt",vegetables and vegetable products,36,1008,1,cup,118,119431
5753,326458,"carrots, frozen, unprepared (includes foods for usda's food distribution program)",vegetables and vegetable products,37,1008,100,g,100,
5993,326698,"mustard, prepared, yellow",spices and herbs,61,1008,1,cup,249,119501
6200,326905,"figs, dried, uncooked",fruits and fruit juices,249,1008,1,cup,149,119504
6341,327046,"kiwifruit, green, raw",fruits and fruit juices,58,1008,100,g,100,
6493,327198,"melons, cantaloupe, raw",fruits and fruit juices,34,1008,10,piece,138,119524
6652,327357,"nectarines, raw",fruits and fruit juices,39,1008,1,cup,143,119530
6796,327501,"oranges, raw, navels (includes foods for usda's food distribution program)",fruits and fruit juices,47,1008,1,cup,165,119538
6994,327699,"strawberries, raw",fruits and fruit juices,31,1008,100,g,100,
7218,327923,"lettuce, cos or romaine, raw",vegetables and vegetable products,17,1008,100,g,100,
7932,328637,"cheese, cheddar",dairy and egg products,408,1008,1,slice,17,119619
8136,328841,"cheese, cottage, lowfat, 2% milkfat",dairy and egg products,84,1008,1,cup,220,119652
8665,329370,"cheese, mozzarella, low moisture, part-skim",dairy and egg products,298,1008,1,cup,86.2,119685
8785,329490,"egg, whole, dried",dairy and egg products,575,1008,1,cup,85,119690
8891,329596,"egg, yolk, raw, frozen, pasteurized",dairy and egg products,296,1008,100,g,100,
9011,329716,"egg, yolk, dried",dairy and egg products,654,1008,1,cup,67,119699
9125,329830,"cheese, dry white, queso seco",dairy and egg products,326,1008,1,cup,97.3,119713
9432,330137,"yogurt, greek, plain, nonfat",dairy and egg products,61,1008,100,g,100,
9710,330415,"yogurt, greek, strawberry, nonfat",dairy and egg products,83,1008,100,g,100,
9753,330458,"oil, coconut",fats and oils,833,1008,1,tablespoon,11.6,119748
10164,330869,"turkey, ground, 93% lean, 7% fat, pan-broiled crumbles",poultry products,220,1008,100,g,100,
11192,331897,"chicken, broilers or fryers, drumstick, meat only, cooked, braised",poultry products,156,1008,100,g,100,
11255,331960,"chicken, broiler or fryers, breast, skinless, boneless, meat only, cooked, braised",poultry products,166,1008,1,piece,174,121343
11577,332282,"sauce, pasta, spaghetti/marinara, ready-to-serve","soups, sauces, and gravies",45,1008,1,serving,135,121416
11692,332397,"ham, sliced, pre-packaged, deli meat (96%fat free, water added)",sausages and luncheon meats,106,1008,1,slice,13.5,121438
11892,332597,"pears, raw, bartlett (includes foods for usda's food distribution program)",fruits and fruit juices,57,1008,1,cup,140,121449
12086,332791,"olives, green, manzanilla, stuffed with pimiento",fruits and fruit juices,130,1008,100,g,100,
12159,332864,"sausage, pork, chorizo, link or ground, cooked, pan-fried",sausages and luncheon meats,346,1008,1,cup,185,121491
12303,333008,"cookies, oatmeal, soft, with raisins",baked products,430,1008,100,g,100,
12576,333281,"tomatoes, canned, red, ripe, diced",vegetables and vegetable products,18,1008,1,cup,245,121582
12669,333374,"fish, haddock, raw",finfish and shellfish products,74,1008,100,g,100,
12771,333476,"fish, pollock, raw",finfish and shellfish products,56,1008,100,g,100,
13489,334194,"fish, tuna, light, canned in water, drained solids",finfish and shellfish products,90,1008,100,g,100,
13542,334247,"sugars, granulated",sweets,385,1008,1,cup,188,121733
13757,334462,"restaurant, chinese, sweet and sour pork",restaurant foods,260,1008,3,piece,41.8,121774
13831,334536,"restaurant, chinese, fried rice, without meat",restaurant foods,174,1008,1,cup,133,121786
13923,334628,"restaurant, latino, tamale, pork",restaurant foods,174,1008,1,piece,142,121795
14015,334720,"restaurant, latino, pupusas con frijoles (pupusas, bean)",restaurant foods,229,1008,1,piece,126,121806
14144,334849,"beef, loin, top loin steak, boneless, lip-on, separable lean only, trimmed to 1/8"" fat, choice, raw",beef products,155,1008,100,g,100,
14192,334897,"beef, loin, tenderloin roast, separable lean only, boneless, trimmed to 0"" fat, select, cooked, roasted",beef products,176,1008,100,g,100,
14193,334898,"beef, round, eye of round roast, boneless, separable lean only, trimmed to 0"" fat, select, raw",beef products,122,1008,100,g,100,
14258,334963,"beef, round, top round roast, boneless, separable lean only, trimmed to 0"" fat, select, raw",beef products,123,1008,100,g,100,
14356,335061,"beef, short loin, t-bone steak, bone-in, separable lean only, trimmed to 1/8"" fat, choice, cooked, grilled",beef products,219,1008,100,g,100,
14404,335109,"beef, short loin, porterhouse steak, separable lean only, trimmed to 1/8"" fat, select, raw",beef products,145,1008,100,g,100,
14535,335240,"bread, whole-wheat, commercially prepared",baked products,254,1008,1,slice,32.1,121952
15369,746764,"carrots, frozen, unprepared",vegetables and vegetable products,37,1008,100,g,100,
15370,746765,"cheese, dry white, queso seco",dairy and egg products,326,1008,1,cup,97.3,187494
15371,746766,"cheese, ricotta, whole milk",dairy and egg products,157,1008,0.2,cup,64.6,187495
15372,746767,"cheese, swiss",dairy and egg products,393,1008,1,slice,10.9,187499
15373,746768,"figs, dried, uncooked",fruits and fruit juices,249,1008,1,cup,149,187500
15375,746770,"melons, cantaloupe, raw",fruits and fruit juices,34,1008,10,piece,138,187511
15376,746771,"oranges, raw, navels",fruits and fruit juices,47,1008,1,cup,165,187512
15377,746772,"milk, lowfat, fluid, 1% milkfat, with added vitamin a and vitamin d",dairy and egg products,43,1008,1,cup,246,187514
15378,746773,"pears, raw, bartlett",fruits and fruit juices,57,1008,1,cup,140,187515
15379,746774,"restaurant, chinese, sweet and sour pork",restaurant foods,260,1008,3,piece,41.8,187520
15381,746776,"milk, nonfat, fluid, with added vitamin a and vitamin d (fat free or skim)",dairy and egg products,34,1008,1,cup,246,187522
15382,746777,"sauce, salsa, ready-to-serve","soups, sauces, and gravies",29,1008,2,tablespoon,35.7,187523
15383,746778,"milk, reduced fat, fluid, 2% milkfat, with added vitamin a and vitamin d",dairy and egg products,50,1008,1,cup,245,187524
15386,746781,"sausage, pork, chorizo, link or ground, cooked, pan-fried",sausages and luncheon meats,346,1008,1,cup,185,187529
15387,746782,"milk, whole, 3.25% milkfat, with added vitamin d",dairy and egg products,60,1008,1,cup,249,187530
15389,746784,"sugars, granulated",sweets,385,1008,1,cup,188,187534
15557,746952,"ham, sliced, restaurant",pork products,121,1008,1,slice,16.2,187559
16034,747429,"cheese, american, restaurant",dairy and egg products,375,1008,1,slice,16,187632
16052,747447,"broccoli, raw",vegetables and vegetable products,31,1008,1,cup,76,187633
16298,747693,"ketchup, restaurant",vegetables and vegetable products,117,1008,100,g,100,
16602,747997,"eggs, grade a, large, egg white",dairy and egg products,55,1008,100,g,100,
16841,748236,"eggs, grade a, large, egg yolk",dairy and egg products,334,1008,100,g,100,
17572,748967,"eggs, grade a, large, egg whole",dairy and egg products,148,1008,100,g,100,
18025,749420,"pork, cured, bacon, cooked, restaurant",pork products,500,1008,1,slice,6.3,193859
18144,789890,"flour, wheat, all-purpose, enriched, bleached",cereal grains and pasta,366,1008,100,g,100,
18205,789951,"flour, wheat, all-purpose, enriched, unbleached",cereal grains and pasta,358,1008,100,g,100,
18272,790018,"flour, wheat, all-purpose, unenriched, unbleached",cereal grains and pasta,362,1008,100,g,100,
18339,790085,"flour, whole wheat, unenriched",cereal grains and pasta,370,1008,100,g,100,
18400,790146,"flour, bread, white, enriched, unbleached",cereal grains and pasta,363,1008,100,g,100,
18468,790214,"flour, rice, white, unenriched",cereal grains and pasta,359,1008,100,g,100,
18530,790276,"flour, corn, yellow, fine meal, enriched",cereal grains and pasta,364,1008,100,g,100,
18831,790577,"onions, red, raw",vegetables and vegetable products,44,1008,100,g,100,
18900,790646,"onions, yellow, raw",vegetables and vegetable products,38,1008,100,g,100,
19028,790774,"bananas, overripe, raw",fruits and fruit juices,85,1008,100,g,100,
19245,790991,"bananas, ripe and slightly ripe, raw",fruits and fruit juices,97,1008,100,g,100,
19300,1104647,"garlic, raw",vegetables and vegetable products,143,1008,100,g,100,
19358,1104705,"flour, soy, defatted",legumes and legume products,366,1008,100,g,100,
19419,1104766,"flour, soy, full-fat",legumes and legume products,452,1008,100,g,100,
19458,1104812,"flour, rice, brown",cereal grains and pasta,365.25,1008,100,g,100,
19513,1104867,"flour, rice, glutinous",cereal grains and pasta,358,1008,100,g,100,
19559,1104913,"flour, pastry, unenriched, unbleached",cereal grains and pasta,358,1008,100,g,100,
19608,1104962,"onions, white, raw",vegetables and vegetable products,35,1008,100,g,100,
20076,1105430,"apples, red delicious, with skin, raw",fruits and fruit juices,62,1008,100,g,100,
20193,1105547,"apples, honeycrisp, with skin, raw",fruits and fruit juices,60,1008,100,g,100,
20310,1105664,"apples, granny smith, with skin, raw",fruits and fruit juices,59,1008,100,g,100,
20427,1105781,"apples, gala, with skin, raw",fruits and fruit juices,61,1008,100,g,100,
20542,1105897,"apples, fuji, with skin, raw",fruits and fruit juices,65,1008,100,g,100,
20543,1750337,"soy milk, unsweetened, plain, shelf stable",legumes and legume products,38.485,2048,100,g,100,
20544,1750338,"almond milk, unsweetened, plain, shelf stable",beverages,14.5562,2048,100,g,100,
20545,1750339,"apples, red delicious, with skin, raw",fruits and fruit juices,55.622745,2048,100,g,100,
20546,1750340,"apples, fuji, with skin, raw",fruits and fruit juices,58.20306,2048,100,g,100,
20547,1750341,"apples, gala, with skin, raw",fruits and fruit juices,54.866865,2048,100,g,100,
20548,1750342,"apples, granny smith, with skin, raw",fruits and fruit juices,52.958085,2048,100,g,100,
20549,1750343,"apples, honeycrisp, with skin, raw",fruits and fruit juices,54.033225,2048,100,g,100,
20550,1750344,"mushroom, lion's mane",vegetables and vegetable products,35.107387,2048,100,g,100,
20551,1750345,"mushroom, oyster",vegetables and vegetable products,33.31965,2048,100,g,100,
20552,1750346,"mushrooms, shiitake",vegetables and vegetable products,36.3915875,2048,100,g,100,
20553,1750347,"mushrooms, white button",vegetables and vegetable products,24.8732585,2048,100,g,100,
20558,1750352,"spinach, baby",vegetables and vegetable products,20.72851125,2048,100,g,100,
20559,1750353,"spinach, mature",vegetables and vegetable products,21.5796975,2048,100,g,100,
20560,1750354,"tomato, roma",vegetables and vegetable products,18.95436075,2048,100,g,100,
31522,2003586,"flour, 00",cereal grains and pasta,365.610744,2048,100,g,100,
31523,2003587,"flour, spelt, whole grain",cereal grains and pasta,340.5831,2048,100,g,100,
31524,2003588,"flour, semolina, coarse and semi-coarse",cereal grains and pasta,365.0310665,2048,100,g,100,
31525,2003589,"flour, semolina, fine",cereal grains and pasta,365.9569125,2048,100,g,100,
31526,2003590,"apple juice, with added vitamin c, from concentrate, shelf stable",fruits and fruit juices,47.231814,2048,100,g,100,
31527,2003591,"orange juice, no pulp, not fortified, from concentrate, refrigerated",fruits and fruit juices,45.723,2048,100,g,100,
31528,2003592,"grape juice, purple, with added vitamin c, from concentrate, shelf stable",fruits and fruit juices,64.513952,2048,100,g,100,
31529,2003593,"grape juice, white, with added vitamin c, from concentrate, shelf stable",fruits and fruit juices,64.64055,2048,100,g,100,
31530,2003594,"cranberry juice, not fortified, from concentrate, shelf stable",fruits and fruit juices,31.298775,2048,100,g,100,
31531,2003595,"grapefruit juice, red, not fortified, not from concentrate, refrigerated",fruits and fruit juices,39.830778,2048,100,g,100,
31532,2003596,"tomato juice, with added ingredients, from concentrate, shelf stable",vegetables and vegetable products,19.92788125,2048,100,g,100,
31533,2003597,"orange juice, no pulp, not fortified, not from concentrate, refrigerated",fruits and fruit juices,44.960839,2048,100,g,100,
31534,2003598,"mushroom, portabella",vegetables and vegetable products,26.024813,2048,100,g,100,
31535,2003599,"mushroom, king oyster",vegetables and vegetable products,38.460412,2048,100,g,100,
31536,2003600,"mushroom, enoki",vegetables and vegetable products,36.7150215,2048,100,g,100,
31537,2003601,"mushroom, crimini",vegetables and vegetable products,23.722638,2048,100,g,100,
31538,2003602,"mushroom, maitake",vegetables and vegetable products,30.9734625,2048,100,g,100,
31539,2003603,"mushroom, beech",vegetables and vegetable products,32.995442,2048,100,g,100,
31540,2003604,"mushroom, pioppini",vegetables and vegetable products,31.236476,2048,100,g,100,
35348,2257044,"soy milk, sweetened, plain, refrigerated",legumes and legume products,40.705,2047,100,g,100,
35349,2257045,"almond milk, unsweetened, plain, refrigerated",beverages,19.33,2047,100,g,100,
35350,2257046,"oat milk, unsweetened, plain, refrigerated",beverages,48.3298,2047,100,g,100,
36889,2258586,"carrots, mature, raw",vegetables and vegetable products,44.978589,2048,100,g,100,
36890,2258587,"carrots, baby, raw",vegetables and vegetable products,38.250983,2048,100,g,100,
36891,2258588,"peppers, bell, green, raw",vegetables and vegetable products,19.692148,2048,100,g,100,
36892,2258589,"peppers, bell, yellow, raw",vegetables and vegetable products,26.58104025,2048,100,g,100,
36893,2258590,"peppers, bell, red, raw",vegetables and vegetable products,26.98843175,2048,100,g,100,
36894,2258591,"peppers, bell, orange, raw",vegetables and vegetable products,27.38430325,2048,100,g,100,
38094,2259792,"buttermilk, low fat",dairy and egg products,42.9180362,2048,100,g,100,
38095,2259793,"yogurt, plain, whole milk",dairy and egg products,77.3185458,2048,100,g,100,
38096,2259794,"yogurt, greek, plain, whole milk",dairy and egg products,94.507135,2048,100,g,100,
38097,2259795,"cheese, parmesan, grated, refrigerated",dairy and egg products,404.763418,2048,100,g,100,
38098,2259796,"cheese, feta, whole milk, crumbled",dairy and egg products,273.472498,2048,100,g,100,
39721,2261420,"flour, almond",nut and seed products,577.62536,2048,100,g,100,
39722,2261421,"flour, oat, whole grain",cereal grains and pasta,386.429275,2048,100,g,100,
39723,2261422,"flour, potato",vegetables and vegetable products,352.682197,2048,100,g,100,
40372,2262072,"peanut butter, creamy",legumes and legume products,589.383006,2048,100,g,100,
40373,2262073,"sesame butter, creamy",nut and seed products,648.374268,2048,100,g,100,
40374,2262074,"almond butter, creamy",nut and seed products,602.510076,2048,100,g,100,
40375,2262075,"flaxseed, ground",nut and seed products,514.44343,2048,100,g,100,
42186,2263887,"strawberries, raw",fruits and fruit juices,32.66565,2048,100,g,100,
42187,2263888,"raspberries, raw",fruits and fruit juices,51.412425,2048,100,g,100,
42188,2263889,"blueberries, raw",fruits and fruit juices,57.384621,2048,100,g,100,
42189,2263890,"grapes, red, seedless, raw",fruits and fruit juices,77.151876,2048,100,g,100,
42190,2263891,"grapes, green, seedless, raw",fruits and fruit juices,71.939325,2048,100,g,100,
42191,2263892,"applesauce, unsweetened, with added vitamin c",fruits and fruit juices,46.4205,2048,100,g,100,
43416,2346384,"cottage cheese, full fat, large or small curd",dairy and egg products,104.574374,2048,100,g,100,
43417,2346385,"cream cheese, full fat, block",dairy and egg products,336.73206,2048,100,g,100,
43418,2346386,"cream, heavy",dairy and egg products,335.8933226,2048,100,g,100,
43419,2346387,"cream, sour, full fat",dairy and egg products,192.7437716,2048,100,g,100,
43420,2346388,"lettuce, iceberg, raw",vegetables and vegetable products,14.455425,2048,100,g,100,
43421,2346389,"lettuce, romaine, green, raw",vegetables and vegetable products,17.45834025,2048,100,g,100,
43422,2346390,"lettuce, leaf, red, raw",vegetables and vegetable products,14.68480875,2048,100,g,100,
43423,2346391,"lettuce, leaf, green, raw",vegetables and vegetable products,18.4931365,2048,100,g,100,
43424,2346392,"nuts, pine nuts, raw",nut and seed products,642.99228,2048,100,g,100,
43425,2346393,"nuts, almonds, whole, raw",nut and seed products,583.597022,2048,100,g,100,
43426,2346394,"nuts, walnuts, english, halves, raw",nut and seed products,678.66434,2048,100,g,100,
43427,2346395,"nuts, pecans, halves, raw",nut and seed products,699.59644,2048,100,g,100,
43428,2346396,"oats, whole grain, rolled, old fashioned",cereal grains and pasta,378.866123,2048,100,g,100,
43429,2346397,"oats, whole grain, steel cut",cereal grains and pasta,379.2080612,2048,100,g,100,
43430,2346398,"pineapple, raw",fruits and fruit juices,54.046596,2048,100,g,100,
43431,2346399,"cherries, sweet, dark red, raw",fruits and fruit juices,63.290775,2048,100,g,100,
43432,2346400,"beans, snap, green, raw",vegetables and vegetable products,33.5679465,2048,100,g,100,
43433,2346401,"potatoes, russet, without skin, raw",vegetables and vegetable products,80.9523625,2048,100,g,100,
43434,2346402,"potatoes, red, without skin, raw",vegetables and vegetable products,73.373425,2048,100,g,100,
43435,2346403,"potatoes, gold, without skin, raw",vegetables and vegetable products,71.575228,2048,100,g,100,
43436,2346404,"sweet potatoes, orange flesh, without skin, raw",vegetables and vegetable products,77.35727375,2048,100,g,100,
43437,2346405,"celery, raw",vegetables and vegetable products,14.83215875,2048,100,g,100,
43438,2346406,"cucumber, with peel, raw",vegetables and vegetable products,13.934925,2048,100,g,100,
43439,2346407,"cabbage, green, raw",vegetables and vegetable products,27.8695,2048,100,g,100,
43440,2346408,"cabbage, red, raw",vegetables and vegetable products,29.943836,2048,100,g,100,
50584,2512371,"flour, amaranth",cereal grains and pasta,377.9609,2048,100,g,100,
50585,2512372,"flour, quinoa",cereal grains and pasta,378.394015,2048,100,g,100,
50586,2512373,"flour, sorghum",cereal grains and pasta,363.8590417,2048,100,g,100,
50587,2512374,"flour, buckwheat",cereal grains and pasta,334.3016028,2048,100,g,100,
50588,2512375,"flour, rye",cereal grains and pasta,350.962038,2048,100,g,100,
50589,2512376,"flour, barley",cereal grains and pasta,357.191828,2048,100,g,100,
50590,2512377,"flour, cassava",vegetables and vegetable products,358.55706075,2048,100,g,100,
50591,2512378,"buckwheat, whole grain",cereal grains and pasta,331.6005206,2048,100,g,100,
50592,2512379,"millet, whole grain",cereal grains and pasta,380.6064975,2048,100,g,100,
50593,2512380,"rice, brown, long grain, unenriched, raw",cereal grains and pasta,368.3584745,2048,100,g,100,
50594,2512381,"rice, white, long grain, unenriched, raw",cereal grains and pasta,369.637321,2048,100,g,100,
52955,2514743,"beef, ground, 90% lean meat / 10% fat, raw",beef products,190.134819,2048,100,g,100,
52956,2514744,"beef, ground, 80% lean meat / 20% fat, raw",beef products,247.812675,2048,100,g,100,
52957,2514745,"pork, ground, raw",pork products,233.442059,2048,100,g,100,
52958,2514746,"chicken, ground, with additives, raw",poultry products,138.128494,2048,100,g,100,
52959,2514747,"turkey, ground, 93% lean/ 7% fat, raw",poultry products,157.5897,2048,100,g,100,
53584,2515373,"nuts, brazilnuts, raw",nut and seed products,620.950526,2048,100,g,100,
53585,2515374,"nuts, cashew nuts, raw",nut and seed products,533.47799,2048,100,g,100,
53586,2515375,"nuts, hazelnuts or filberts, raw",nut and seed products,602.39467,2048,100,g,100,
53587,2515376,"peanuts, raw",legumes and legume products,550.62181,2048,100,g,100,
53588,2515377,"flour, chestnut",nut and seed products,384.58086,2048,100,g,100,
53589,2515378,"nuts, macadamia nuts, raw",nut and seed products,668.54428,2048,100,g,100,
53590,2515379,"nuts, pistachio nuts, raw",nut and seed products,560.68798,2048,100,g,100,
53591,2515380,"seeds, pumpkin seeds (pepitas), raw",nut and seed products,514.83917,2048,100,g,100,
53592,2515381,"seeds, sunflower seed, kernel, raw",nut and seed products,570.651,2048,100,g,100,
53593,2515382,"flour, coconut",nut and seed products,423.62737,2048,100,g,100,
55844,2644281,"beans, cannellini, dry",legumes and legume products,336.59519,2048,100,g,100,
55845,2644282,"chickpeas, (garbanzo beans, bengal gram), dry",legumes and legume products,371.99469,2048,100,g,100,
55846,2644283,"lentils, dry",legumes and legume products,350.9328,2048,100,g,100,
55847,2644284,"blackeye pea, dry",legumes and legume products,345.5703,2048,100,g,100,
55848,2644285,"beans, black, canned, sodium added, drained and rinsed",legumes and legume products,115.28233,2048,100,g,100,
55849,2644286,"beans, navy, canned, sodium added, drained and rinsed",legumes and legume products,115.82665,2048,100,g,100,
55850,2644287,"beans, cannellini, canned, sodium added, drained and rinsed",legumes and legume products,112.0972,2048,100,g,100,
55851,2644288,"chickpeas (garbanzo beans, bengal gram), canned, sodium added, drained and rinsed",legumes and legume products,132.972,2048,100,g,100,
55852,2644289,"beans, kidney, dark red, canned, sodium added, sugar added, drained and rinsed",legumes and legume products,123.17082,2048,100,g,100,
55853,2644290,"beans, kidney, light red, canned, sodium added, sugar added, drained and rinsed",legumes and legume products,123.51359,2048,100,g,100,
55854,2644291,"peas, green, sweet, canned, sodium added, sugar added, drained and rinsed",vegetables and vegetable products,77.798925,2048,100,g,100,
55855,2644292,"beans, pinto, canned, sodium added, drained and rinsed",legumes and legume products,113.59675,2048,100,g,100,
55856,2644293,"blackeye pea, canned, sodium added, drained and rinsed",legumes and legume products,112.882483,2048,100,g,100,
55857,2644294,"beans, great northern, canned, sodium added, drained and rinsed",legumes and legume products,113.66287,2048,100,g,100,
57730,2646168,"pork, loin, boneless, raw",pork products,173.72307,2048,100,g,100,
57731,2646169,"pork, loin, tenderloin, boneless, raw",pork products,125.02117,2048,100,g,100,
57732,2646170,"chicken, breast, boneless, skinless, raw",poultry products,112.20227,2048,100,g,100,
57733,2646171,"chicken, thigh, boneless, skinless, raw",poultry products,149.306475,2048,100,g,100,
57734,2646172,"beef, ribeye, steak, boneless, choice, raw",beef products,259.611425,2048,100,g,100,
57735,2646173,"beef, round, top round, boneless, choice, raw",beef products,146.43655,2048,100,g,100,
57736,2646174,"beef, chuck, roast, boneless, choice, raw",beef products,237.096894,2048,100,g,100,
57737,2646175,"beef, flank, steak, boneless, choice, raw",beef products,169.562744,2048,100,g,100,
58998,2647437,"yogurt, plain, nonfat",dairy and egg products,50.07437,2048,100,g,100,
58999,2647438,"cheese, monterey jack, solid",dairy and egg products,390.73759,2048,100,g,100,
59000,2647439,"cheese, pasteurized process cheese food or product, american, singles",dairy and egg products,307.89587,2048,100,g,100,
59001,2647440,"cheese, provolone, sliced",dairy and egg products,356.900072,2048,100,g,100,
59002,2647441,"cheese, oaxaca, solid",dairy and egg products,298.113882,2048,100,g,100,
59003,2647442,"cheese, queso fresco, solid",dairy and egg products,297.41686,2048,100,g,100,
59004,2647443,"cheese, cotija, solid",dairy and egg products,351.761072,2048,100,g,100,
60656,2684440,"fish, salmon, sockeye, wild caught, raw",finfish and shellfish products,136.22202,2048,100,g,100,
60657,2684441,"fish, salmon, atlantic, farm raised, raw",finfish and shellfish products,203.10632,2048,100,g,100,
60658,2684442,"fish, tilapia, farm raised, raw",finfish and shellfish products,99.95727,2048,100,g,100,
60659,2684443,"crustaceans, shrimp, farm raised, raw",finfish and shellfish products,75.699433,2048,100,g,100,
60660,2684444,"fish, cod, atlantic, wild caught, raw",finfish and shellfish products,70.477065,2048,100,g,100,
60661,2684445,"fish, catfish, farm raised, raw",finfish and shellfish products,133.787497,2048,100,g,100,
60662,2684446,"crustaceans, crab, blue swimming, lump, pasteurized, refrigerated",finfish and shellfish products,86.021115,2048,100,g,100,
61783,2685568,"squash, summer, green, zucchini, includes skin, raw",vegetables and vegetable products,16,2048,100,g,100,
61784,2685569,"squash, summer, yellow, includes skin, raw",vegetables and vegetable products,19,2048,100,g,100,
61785,2685570,"squash, winter, butternut, raw",vegetables and vegetable products,41.7165215,2048,100,g,100,
61786,2685571,"squash, winter, acorn, raw",vegetables and vegetable products,41.991125,2048,100,g,100,
61787,2685572,"cabbage, bok choy, raw",vegetables and vegetable products,17.0032275,2048,100,g,100,
61788,2685573,"cauliflower, raw",vegetables and vegetable products,22.85237775,2048,100,g,100,
61789,2685574,"collards, raw",vegetables and vegetable products,38.7580825,2048,100,g,100,
61790,2685575,"brussels sprouts, raw",vegetables and vegetable products,48.77870625,2048,100,g,100,
61791,2685576,"beets, raw",vegetables and vegetable products,40.965255,2048,100,g,100,
61792,2685577,"eggplant, raw",vegetables and vegetable products,22.35856525,2048,100,g,100,
61793,2685578,"tomatoes, whole, canned, solids and liquids, with salt added",vegetables and vegetable products,19.149449,2048,100,g,100,
61794,2685579,"tomato, sauce, canned, with salt added",vegetables and vegetable products,29.10400125,2048,100,g,100,
61795,2685580,"tomato, paste, canned, without salt added",vegetables and vegetable products,88.53450625,2048,100,g,100,
61796,2685581,"tomatoes, crushed, canned",vegetables and vegetable products,32.313665,2048,100,g,100,
61797,2685582,"tomato, puree, canned",vegetables and vegetable products,34.76031875,2048,100,g,100,
63977,2710815,"apricot, with skin, raw",fruits and fruit juices,43.47915,2048,100,g,100,
63978,2710816,"melons, honeydew, raw",fruits and fruit juices,32.935251,2048,100,g,100,
63979,2710817,"plantains, ripe, raw",fruits and fruit juices,122.789661,2048,100,g,100,
63980,2710818,"plantains, underripe, raw",fruits and fruit juices,144.50803225,2048,100,g,100,
63981,2710819,"chia seeds, dry, raw",cereal grains and pasta,490.09552,2048,100,g,100,
63982,2710820,"bulgur, dry, raw",cereal grains and pasta,349.3017225,2048,100,g,100,
63983,2710821,"wild rice, dry, raw",cereal grains and pasta,358.55263,2048,100,g,100,
63984,2710822,"arugula, baby, raw",vegetables and vegetable products,25.9078525,2048,100,g,100,
63985,2710823,"asparagus, green, raw",vegetables and vegetable products,23.529215,2048,100,g,100,
63986,2710824,"avocado, hass, peeled, raw",fruits and fruit juices,206.0493,2048,100,g,100,
63987,2710825,"rice, black, unenriched, raw",cereal grains and pasta,360.53871,2048,100,g,100,
63988,2710826,"corn, sweet, yellow and white kernels, fresh, raw",vegetables and vegetable products,72.85765625,2048,100,g,100,
63989,2710827,"einkorn, grain, dry, raw",cereal grains and pasta,345.6801839,2048,100,g,100,
63990,2710828,"farro, pearled, dry, raw",cereal grains and pasta,344.0049964,2048,100,g,100,
63991,2710829,"fonio, grain, dry, raw",cereal grains and pasta,376.8911025,2048,100,g,100,
63992,2710830,"khorasan, grain, dry, raw",cereal grains and pasta,347.7914113,2048,100,g,100,
63993,2710831,"kiwifruit (kiwi), green, peeled, raw",fruits and fruit juices,58.48917,2048,100,g,100,
63994,2710832,"mandarin, seedless, peeled, raw",fruits and fruit juices,55.640145,2048,100,g,100,
63995,2710833,"mango, tommy atkins, peeled, raw",fruits and fruit juices,61.635825,2048,100,g,100,
63996,2710834,"mango, ataulfo, peeled, raw",fruits and fruit juices,70.638801,2048,100,g,100,
63997,2710835,"corn flour, masa harina, white or yellow, dry, raw",cereal grains and pasta,366.03011,2048,100,g,100,
63998,2710836,"pear, anjou, green, with skin, raw",fruits and fruit juices,57.320421,2048,100,g,100,
63999,2710837,"plum, black, with skin, raw",fruits and fruit juices,52.747095,2048,100,g,100,
64000,2710838,"rice, red, unenriched, dry, raw",cereal grains and pasta,359.99995,2048,100,g,100,
64001,2710839,"sorghum bran, white, unenriched, dry, raw",cereal grains and pasta,364.50325,2048,100,g,100,
64002,2710840,"sorghum flour, white, pearled, unenriched, dry, raw",cereal grains and pasta,349.558015,2048,100,g,100,
64003,2710841,"sorghum grain, white, pearled, unenriched, dry, raw",cereal grains and pasta,338.38971,2048,100,g,100,
64004,2710842,"sorghum, whole grain, white, dry, raw",cereal grains and pasta,340.98918,2048,100,g,100,
64005,2710843,"plantains, overripe, raw",fruits and fruit juices,117.29613,2048,100,g,100,
70670,2727566,"chicken, drumstick, meat and skin, raw",poultry products,130.121544,2048,100,g,100,
70671,2727567,"chicken, thigh, meat and skin, raw",poultry products,192.792919,2048,100,g,100,
70672,2727568,"chicken, wing, meat and skin, raw",poultry products,172.792125,2048,100,g,100,
70673,2727569,"chicken, breast, meat and skin, raw",poultry products,132.8359,2048,100,g,100,
70674,2727570,"lamb, ground, raw","lamb, veal, and game products",241.727079,2048,100,g,100,
70675,2727571,"bison, ground, raw","lamb, veal, and game products",164.411779,2048,100,g,100,
70676,2727572,"beef, short loin (ny strip steak), raw",beef products,196.004594,2048,100,g,100,
70677,2727573,"beef, tenderloin steak, raw",beef products,149.001,2048,100,g,100,
70678,2727574,"beef, top sirloin steak, raw",beef products,146.16307,2048,100,g,100,
70679,2727575,"pork, chop, center cut, raw",pork products,144.617,2048,100,g,100,
70680,2727576,"pork, belly, with skin, raw",pork products,385.36225,2048,100,g,100,
74177,2747652,"anchovies, canned in olive oil, with salt, drained",finfish and shellfish products,206.065,2047,100,g,100,
74178,2747653,"beet greens, raw",vegetables and vegetable products,26.367,2047,100,g,100,
74179,2747654,"cod, pacific or alaskan, frozen, wild caught",finfish and shellfish products,60.84,2047,100,g,100,
74180,2747655,"fennel, bulb, raw",vegetables and vegetable products,26.8924,2047,100,g,100,
74181,2747656,"halibut, frozen, wild caught",finfish and shellfish products,81.3345,2047,100,g,100,
74182,2747657,"lobster, tail only, frozen, wild caught",finfish and shellfish products,58.8175,2047,100,g,100,
74183,2747658,"mahi mahi, frozen, wild caught",finfish and shellfish products,83.7115,2047,100,g,100,
74184,2747659,"parsnips, raw",vegetables and vegetable products,87.0745,2047,100,g,100,
74185,2747660,"peppers, banana or hungarian wax, seeded, raw",vegetables and vegetable products,23.9398,2047,100,g,100,
74186,2747661,"peppers, jalapeno, seeded, raw",vegetables and vegetable products,24.1264,2047,100,g,100,
74187,2747662,"peppers, poblano, seeded, raw",vegetables and vegetable products,27.9906,2047,100,g,100,
74188,2747663,"peppers, serrano, seeded, raw",vegetables and vegetable products,29.233,2047,100,g,100,
74189,2747664,"radicchio, raw",vegetables and vegetable products,26.3679,2047,100,g,100,
74190,2747665,"radishes, red, raw",vegetables and vegetable products,19.60045,2047,100,g,100,
74191,2747666,"scallops, bay, patagonian, frozen, wild caught",finfish and shellfish products,78.456,2047,100,g,100,
74192,2747667,"scallops, sea, frozen, wild caught",finfish and shellfish products,66.3545,2047,100,g,100,
74193,2747668,"sea bass, chilean, frozen, wild caught",finfish and shellfish products,209.3868,2047,100,g,100,
74194,2747669,"snapper, frozen, wild caught",finfish and shellfish products,89.538,2047,100,g,100,
74195,2747670,"snow crab, legs only, frozen",finfish and shellfish products,69.223,2047,100,g,100,
74196,2747671,"squid (calamari), frozen, tubes only",finfish and shellfish products,43.9108,2047,100,g,100,
74197,2747672,"swordfish, frozen, wild caught",finfish and shellfish products,151.855,2047,100,g,100,
74198,2747673,"tuna, ahi or yellowfin, frozen, wild caught",finfish and shellfish products,101.8695,2047,100,g,100,
74199,2747674,"turnips, raw",vegetables and vegetable products,33.9816,2047,100,g,100,
74201,2747676,"watermelon, seedless, rind only, raw",fruits and fruit juices,23.8993,2047,100,g,100,
