date,title,category,account,amount,currency,type,transfer_amount,transfer_currency,to_account,receive_amount,receive_currency
2024-08-11 13:56:59.652,person_a,other,Savings Bank,0.5,EUR,expense,,,,,
2024-08-10 16:09:55.986,Juice,food_drink,Cash,0.44,EUR,expense,,,,,
2024-08-09 10:25:21.618,Tire,vehicle_maintenance,Cash,6.85,MKD,expense,,,,,
2024-08-07 03:57:24.944,family_member_a,peer_transfer,Savings Bank,2.22,EUR,expense,,,,,
2024-08-04 13:09:08.452,Reward,rewards,Salary Bank,0.04,EUR,income,,,,,
2024-08-04 13:07:41.831,family_member_a,peer_transfer,Savings Bank,5.56,EUR,expense,,,,,
2024-08-02 15:25:39.300,Grocery,groceries,Salary Bank,0.33,EUR,expense,,,,,
2024-08-02 05:25:11.454,Petrol,fuel,Savings Bank,1.11,EUR,expense,,,,,
2024-08-02 03:58:59.121,Adjust balance,balance_adjustment,Cash,0.82,EUR,expense,,,,,
2024-08-02 03:56:52.237,Adjust balance,balance_adjustment,Savings Bank,1.23,USD,expense,,,,,
2024-08-01 13:47:08.112,Haircut,personal_care,Savings Bank,1.69,EUR,expense,,,,,
2024-08-01 13:46:53.758,family_member_a,peer_transfer,Savings Bank,5.56,EUR,expense,,,,,
2024-07-31 14:34:25.800,Print,education,Savings Bank,0.24,EUR,expense,,,,,
2024-07-31 13:49:37.981,License,financial,Savings Bank,3.33,EUR,expense,,,,,
2024-07-26 14:48:03.223,Noodles,food_drink,Savings Bank,0.78,EUR,expense,,,,,
2024-07-20 04:54:12.554,Adjust balance,balance_adjustment,Savings Bank,0,USD,income,,,,,
2024-07-20 04:53:54.600,Breakfast,food_drink,Cash,0.33,EUR,expense,,,,,
2024-07-20 04:53:37.992,family_member_b,peer_transfer,Cash,0.56,EUR,expense,,,,,
2024-07-15 16:02:44.240,Adjust balance,balance_adjustment,Cash,2.05,MKD,expense,,,,,
2024-07-15 08:50:27.789,Rent,housing,Savings Bank,42.22,EUR,expense,,,,,
2024-07-14 14:26:20.654,Grocery,groceries,Cash,1.9,EUR,expense,,,,,
2024-07-14 14:26:07.147,Grocery,groceries,Cash,1,EUR,expense,,,,,
2024-07-12 15:51:37.276,Adjust balance,balance_adjustment,Salary Bank,0.46,EUR,income,,,,,
2024-07-12 15:50:33.462,family_member_a,peer_transfer,Savings Bank,3.33,EUR,expense,,,,,
2024-07-12 15:49:26.564,Adjust balance,balance_adjustment,Cash,0.56,EUR,expense,,,,,
2024-07-10 08:46:15.659,family_member_b,peer_transfer,Cash,0.56,EUR,expense,,,,,
2024-07-10 08:45:59.387,Breakfast,food_drink,Cash,0.33,EUR,expense,,,,,
2024-07-07 05:17:18.519,Breakfast,food_drink,Salary Bank,0.33,EUR,expense,,,,,
2024-07-03 16:49:38.345,Netflix,entertainment,Savings Bank,2.21,EUR,expense,,,,,
2024-07-03 08:20:57.694,family_member_a,peer_transfer,Savings Bank,2.22,EUR,expense,,,,,
2024-07-02 09:04:42.442,Lunch,food_drink,Cash,1.33,EUR,expense,,,,,
2024-07-01 14:37:19.760,family_member_a,peer_transfer,Savings Bank,6.02,USD,expense,,,,,
2024-07-01 14:37:10.673,Recharge,utilities,Savings Bank,2.88,EUR,expense,,,,,
2024-07-01 12:52:37.467,Printouts,education,Salary Bank,0.14,EUR,expense,,,,,
2024-07-01 12:27:47.375,Printouts,education,Cash,0.51,USD,expense,,,,,
2024-06-30 15:25:49.013,Biryani 🍚,food_drink,Savings Bank,6.27,USD,expense,,,,,
2024-06-30 15:25:39.318,Breakfast,food_drink,Salary Bank,0.67,EUR,expense,,,,,
2024-06-30 03:06:51.000,family_member_a,peer_transfer,Savings Bank,22.22,EUR,expense,,,,,
2024-06-30 01:53:16.946,Adjust balance,balance_adjustment,Savings Bank,0.79,EUR,income,,,,,
2024-06-29 17:30:41.555,Juice,food_drink,Cash,13.7,MKD,expense,,,,,
2024-06-29 17:30:35.612,Cab,transport,Cash,2,EUR,expense,,,,,
2024-06-29 04:07:00.354,Snacks,food_drink,Cash,0.33,EUR,expense,,,,,
2024-06-29 04:06:02.094,Chai,food_drink,Cash,0.22,EUR,expense,,,,,
2024-06-29 01:51:00.000,Recharge,utilities,Savings Bank,2.97,EUR,expense,,,,,
2024-06-28 14:15:00.814,Curd,food_drink,Cash,0.28,EUR,expense,,,,,
2024-06-28 12:13:37.896,Adjust balance,balance_adjustment,Cash,0.36,USD,expense,,,,,
2024-06-28 12:12:54.777,Tea,food_drink,Cash,0.11,EUR,expense,,,,,
2024-06-28 08:03:54.409,Water,food_drink,Cash,6.85,MKD,expense,,,,,
2024-06-28 01:21:47.390,Adjust balance,balance_adjustment,Cash,3.98,EUR,expense,,,,,
2024-06-27 14:46:47.643,Water,food_drink,Cash,0.48,USD,expense,,,,,
2024-06-27 14:46:14.704,Bus,transport,Cash,0.24,USD,expense,,,,,
2024-06-27 14:45:25.041,Metro,transport,Cash,0.22,EUR,expense,,,,,
2024-06-27 14:44:58.599,Haldiram,food_drink,Cash,2.49,USD,expense,,,,,
2024-06-27 14:43:37.895,Tickets victoria,entertainment,Cash,1.11,EUR,expense,,,,,
2024-06-27 14:43:17.268,Lunch,food_drink,Cash,1.06,EUR,expense,,,,,
2024-06-27 14:42:56.410,Ferry,transport,Cash,0.56,EUR,expense,,,,,
2024-06-27 14:42:45.061,family_member_a,peer_transfer,Cash,5.56,EUR,expense,,,,,
2024-06-27 14:42:09.168,Museum,entertainment,Savings Bank,1.67,EUR,expense,,,,,
2024-06-27 14:35:22.527,Bus,transport,Cash,13.7,MKD,expense,,,,,
2024-06-27 14:33:37.949,Metro,transport,Salary Bank,0.11,EUR,expense,,,,,
2024-06-27 13:24:27.059,Grocery,groceries,Cash,2.22,EUR,expense,,,,,
2024-06-27 02:20:46.881,Withdraw,transfer,Salary Bank,27.78,EUR,transfer,27.78,EUR,Cash,27.78,EUR
2024-06-26 16:20:10.049,Cab,transport,Salary Bank,2.22,EUR,expense,,,,,
2024-06-26 14:34:00.000,Train,transport,Salary Bank,0.22,EUR,expense,,,,,
2024-06-24 01:42:02.212,Tickets,entertainment,Salary Bank,0.22,EUR,expense,,,,,
2024-06-23 15:49:22.486,family_member_b stuff,peer_transfer,Salary Bank,2.67,EUR,expense,,,,,
2024-06-23 15:26:55.087,Toto,transport,Salary Bank,0.22,EUR,expense,,,,,
2024-06-23 15:20:07.076,Snacks,food_drink,Salary Bank,0.78,EUR,expense,,,,,
2024-06-23 15:18:18.631,Adjust balance,balance_adjustment,Salary Bank,1.13,EUR,expense,,,,,
2024-06-23 14:44:54.072,Snacks,food_drink,Salary Bank,0.49,EUR,expense,,,,,
2024-06-23 08:19:55.534,Shaka pola,other,Salary Bank,7.23,USD,expense,,,,,
2024-06-21 15:16:00.000,Tickets,entertainment,Salary Bank,27.4,MKD,expense,,,,,
2024-06-20 12:39:19.568,Adjust balance,balance_adjustment,Salary Bank,0.67,EUR,expense,,,,,
2024-06-20 12:30:33.462,Lunch,food_drink,Salary Bank,0.22,EUR,expense,,,,,
2024-06-20 12:30:04.622,Recharge,utilities,Salary Bank,2.88,EUR,expense,,,,,
2024-06-19 12:34:00.000,Shave,personal_care,Salary Bank,0.22,EUR,expense,,,,,
2024-06-17 15:10:03.406,Water,food_drink,Cash,0.22,EUR,expense,,,,,
2024-06-17 14:56:11.086,Tickets,entertainment,Cash,2.89,EUR,expense,,,,,
2024-06-17 12:22:07.086,Water,food_drink,Cash,0.22,EUR,expense,,,,,
2024-06-17 10:07:14.477,Ticket Refund,refund,Salary Bank,17.45,EUR,income,,,,,
2024-06-17 08:10:41.282,Lunch,food_drink,Salary Bank,2.78,EUR,expense,,,,,
2024-06-17 05:15:33.151,Adjust balance,balance_adjustment,Cash,1.33,EUR,expense,,,,,
2024-06-16 23:32:32.665,family_member_a,peer_transfer,Cash,342.47,MKD,expense,,,,,
2024-06-16 08:17:00.000,Cab,transport,Salary Bank,116.44,MKD,expense,,,,,
2024-06-16 07:45:50.967,Snacks,food_drink,Salary Bank,136.99,MKD,expense,,,,,
2024-06-16 07:45:35.414,person_b,peer_transfer,Cash,5.56,EUR,expense,,,,,
2024-06-16 07:45:25.649,Withdraw,transfer,Salary Bank,16.67,EUR,transfer,16.67,EUR,Cash,16.67,EUR
2024-06-16 07:45:01.144,Tickets,entertainment,Salary Bank,18.92,EUR,expense,,,,,
2024-06-15 18:30:01.003,family_member_a,peer_transfer,Salary Bank,5.56,EUR,expense,,,,,
2024-06-14 18:29:00.000,Petrol,fuel,Cash,1.11,EUR,expense,,,,,
2024-06-14 18:29:00.000,person_d payback,other_income,Cash,1.11,EUR,income,,,,,
2024-06-14 03:57:50.574,Petrol,fuel,Salary Bank,1.11,EUR,expense,,,,,
2024-06-13 15:22:37.432,Snacks,food_drink,Salary Bank,2.32,EUR,expense,,,,,
2024-06-13 15:22:05.293,Petrol,fuel,Salary Bank,2.22,EUR,expense,,,,,
2024-06-11 08:25:03.581,Chips,food_drink,Salary Bank,0.11,EUR,expense,,,,,
2024-06-10 05:26:27.942,Breakfast,food_drink,Salary Bank,0.33,EUR,expense,,,,,
2024-06-09 05:26:00.000,Petrol,fuel,Salary Bank,2.22,EUR,expense,,,,,
2024-06-09 05:24:00.000,Clothes,shopping,Salary Bank,8.88,EUR,expense,,,,,
2024-06-09 05:21:00.000,Snacks,food_drink,Salary Bank,2.21,EUR,expense,,,,,
2024-06-07 16:56:39.988,family_member_a,peer_transfer,Salary Bank,5.56,EUR,expense,,,,,
2024-06-07 16:56:30.798,Snacks,food_drink,Salary Bank,1,EUR,expense,,,,,
2024-06-07 16:56:18.253,person_d,peer_transfer,Salary Bank,1.11,EUR,expense,,,,,
2024-06-07 16:56:10.389,Petrol,fuel,Salary Bank,68.49,MKD,expense,,,,,
2024-06-07 05:49:15.113,person_a payback,other_income,Salary Bank,2.22,EUR,income,,,,,
2024-06-07 05:48:57.032,person_a payback,other_income,Cash,1.11,EUR,income,,,,,
2024-06-05 14:47:55.268,Grocery,groceries,Salary Bank,1.94,EUR,expense,,,,,
2024-06-05 13:59:13.995,Netflix,entertainment,Savings Bank,2.22,EUR,expense,,,,,
2024-06-05 13:55:51.663,Settlement,transfer,Salary Bank,24.17,EUR,transfer,24.17,EUR,Savings Bank,24.17,EUR
2024-06-05 08:22:32.878,Salary,salary,Salary Bank,8005.48,MKD,income,,,,,
2024-06-05 05:29:00.000,Snacks,food_drink,Salary Bank,0.33,EUR,expense,,,,,
2024-06-05 04:36:19.506,Adjust balance,balance_adjustment,Cash,0.74,EUR,expense,,,,,
2024-06-05 04:33:40.272,person_b,peer_transfer,Savings Bank,1.72,EUR,expense,,,,,
2024-06-05 04:31:51.877,Adjust balance,balance_adjustment,Salary Bank,0.11,EUR,expense,,,,,
2024-06-05 04:31:24.237,Netflix,entertainment,Salary Bank,2.21,EUR,expense,,,,,
2024-06-05 04:31:12.252,Netflix,other_income,Salary Bank,136.99,MKD,income,,,,,
2024-06-04 03:35:41.791,family_member_a,peer_transfer,Salary Bank,2.41,USD,expense,,,,,
2024-06-03 12:36:00.077,Snacks,food_drink,Cash,1,EUR,expense,,,,,
2024-06-03 05:07:41.196,person_i,other,Savings Bank,3.33,EUR,expense,,,,,
2024-06-03 05:04:36.556,Petrol,fuel,Salary Bank,1.11,EUR,expense,,,,,
2024-05-31 03:09:00.000,Biryani 🍚,food_drink,Savings Bank,5.78,EUR,expense,,,,,
2024-05-31 03:08:00.000,Adjust balance,balance_adjustment,Salary Bank,0.6,EUR,expense,,,,,
2024-05-31 03:03:00.000,Juice,food_drink,Salary Bank,20.55,MKD,expense,,,,,
2024-05-31 03:03:00.000,Petrol,fuel,Salary Bank,1.11,EUR,expense,,,,,
2024-05-31 03:01:00.000,Smthng,other,Cash,0.11,EUR,expense,,,,,
2024-05-30 14:19:51.971,Pizza,food_drink,Salary Bank,2.11,EUR,expense,,,,,
2024-05-30 08:34:31.739,family_member_a,peer_transfer,Savings Bank,11.11,EUR,expense,,,,,
2024-05-29 11:05:25.670,Snacks,food_drink,Salary Bank,0.39,EUR,expense,,,,,
2024-05-29 04:27:14.022,Reward,rewards,Salary Bank,7.53,MKD,income,,,,,
2024-05-29 04:26:59.011,Breakfast,food_drink,Salary Bank,20.55,MKD,expense,,,,,
2024-05-28 14:50:27.897,Shirt,shopping,Salary Bank,1.78,EUR,expense,,,,,
2024-05-28 14:49:47.594,Bus,transport,Cash,20.55,MKD,expense,,,,,
2024-05-28 14:49:32.484,Juice,food_drink,Salary Bank,0.39,EUR,expense,,,,,
2024-05-28 14:49:13.738,Withdraw,transfer,Salary Bank,3.33,EUR,transfer,3.33,EUR,Cash,3.33,EUR
2024-05-28 14:48:52.931,Auto,transport,Cash,0.22,EUR,expense,,,,,
2024-05-27 15:14:02.274,Recharge,utilities,Salary Bank,106.16,MKD,expense,,,,,
2024-05-27 15:13:47.982,person_b,peer_transfer,Salary Bank,342.47,MKD,expense,,,,,
2024-05-27 12:09:12.844,Adjust balance,balance_adjustment,Salary Bank,0.62,EUR,expense,,,,,
2024-05-27 12:08:00.000,Snacks,food_drink,Salary Bank,0.33,EUR,expense,,,,,
2024-05-26 12:49:22.743,Shampoo,personal_care,Cash,0.04,EUR,expense,,,,,
2024-05-26 12:08:00.000,Petrol,fuel,Salary Bank,2.78,EUR,expense,,,,,
2024-05-26 12:08:00.000,Stationary,education,Salary Bank,0.22,EUR,expense,,,,,
2024-05-25 15:20:10.319,Ice cream,food_drink,Salary Bank,0.22,EUR,expense,,,,,
2024-05-25 15:19:41.615,Snacks,food_drink,Salary Bank,0.67,EUR,expense,,,,,
2024-05-25 08:21:43.140,Lunch,food_drink,Salary Bank,0.78,EUR,expense,,,,,
2024-05-25 08:21:34.647,Auto,transport,Salary Bank,0.22,EUR,expense,,,,,
2024-05-24 08:43:00.000,Bus,transport,Cash,0.44,EUR,expense,,,,,
2024-05-24 08:20:00.000,Auto,transport,Salary Bank,0.22,EUR,expense,,,,,
2024-05-24 08:20:00.000,Juice,food_drink,Salary Bank,0.33,EUR,expense,,,,,
2024-05-24 06:37:00.000,Printing,education,Salary Bank,6.17,EUR,expense,,,,,
2024-05-23 04:48:28.675,Breakfast,food_drink,Salary Bank,0.33,EUR,expense,,,,,
2024-05-21 16:32:00.000,Recharge,utilities,Salary Bank,2.88,EUR,expense,,,,,
2024-05-21 16:32:00.000,Internet,utilities,Salary Bank,5.23,EUR,expense,,,,,
2024-05-21 16:09:59.066,Juice,food_drink,Salary Bank,0.11,EUR,expense,,,,,
2024-05-21 16:09:46.701,Brake,vehicle_maintenance,Salary Bank,0.6,USD,expense,,,,,
2024-05-21 16:09:35.189,Ice Cream,food_drink,Salary Bank,23.97,MKD,expense,,,,,
2024-05-21 16:09:22.620,Petrol,fuel,Salary Bank,1.11,EUR,expense,,,,,
2024-05-21 16:07:26.434,Adjust balance,balance_adjustment,Cash,0.44,EUR,expense,,,,,
2024-05-20 16:08:00.000,Juice,food_drink,Salary Bank,0.83,EUR,expense,,,,,
2024-05-20 16:08:00.000,Juice,food_drink,Salary Bank,0.22,EUR,expense,,,,,
2024-05-19 16:01:00.286,Tickets,entertainment,Salary Bank,14.91,EUR,expense,,,,,
2024-05-19 16:00:35.999,Tickets,entertainment,Salary Bank,919.04,MKD,expense,,,,,
2024-05-19 15:41:26.721,Maggi,food_drink,Salary Bank,0.16,EUR,expense,,,,,
2024-05-17 04:12:00.000,Breakfast,food_drink,Salary Bank,0.33,EUR,expense,,,,,
2024-05-16 04:11:00.000,Breakfast,food_drink,Salary Bank,20.55,MKD,expense,,,,,
2024-05-15 17:52:40.255,Juice,food_drink,Salary Bank,1.44,EUR,expense,,,,,
2024-05-15 17:52:10.428,Shawarma 🌯,food_drink,Salary Bank,2.44,EUR,expense,,,,,
2024-05-15 17:51:58.694,RtA,transport,Metro Card,0.42,USD,expense,,,,,
2024-05-15 08:17:35.531,Bus,transport,Cash,0.11,EUR,expense,,,,,
2024-05-15 08:17:02.946,AtR,transport,Salary Bank,23.97,MKD,expense,,,,,
2024-05-14 17:56:02.463,Recharge,transfer,Salary Bank,2.22,EUR,transfer,2.22,EUR,Metro Card,2.22,EUR
2024-05-14 17:55:02.389,Juice,food_drink,Cash,0.11,EUR,expense,,,,,
2024-05-14 17:54:56.837,Bus,transport,Cash,0.22,EUR,expense,,,,,
2024-05-14 17:54:47.434,RtA,transport,Metro Card,0.39,EUR,expense,,,,,
2024-05-14 17:54:46.663,AtR,transport,Metro Card,0.42,USD,expense,,,,,
2024-05-12 17:55:00.000,Snacks,food_drink,Salary Bank,0.36,USD,expense,,,,,
2024-05-10 13:40:00.000,Snacks,food_drink,Salary Bank,0.72,USD,expense,,,,,
2024-05-10 12:20:52.330,RtA,transport,Metro Card,0.39,EUR,expense,,,,,
2024-05-10 12:20:51.356,AtR,transport,Metro Card,0.39,EUR,expense,,,,,
2024-05-09 14:04:51.085,Screen,shopping,Salary Bank,16.87,USD,expense,,,,,
2024-05-09 14:04:30.298,Snacks,food_drink,Salary Bank,13.7,MKD,expense,,,,,
2024-05-09 14:04:20.041,Breakfast,food_drink,Salary Bank,0.36,USD,expense,,,,,
2024-05-08 04:14:00.000,Juice,food_drink,Salary Bank,0.89,EUR,expense,,,,,
2024-05-08 04:14:00.000,Bus,transport,Cash,6.85,MKD,expense,,,,,
2024-05-08 04:13:00.000,RtA,transport,Metro Card,23.97,MKD,expense,,,,,
2024-05-08 03:46:18.433,AtR,transport,Metro Card,0.39,EUR,expense,,,,,
2024-05-08 03:46:14.380,Bus,transport,Cash,0.11,EUR,expense,,,,,
2024-05-07 13:46:21.123,RtA,transport,Metro Card,23.97,MKD,expense,,,,,
2024-05-07 13:46:19.740,AtR,transport,Metro Card,0.39,EUR,expense,,,,,
2024-05-07 03:46:00.000,Shawarma 🌯,food_drink,Salary Bank,1.33,EUR,expense,,,,,
2024-05-07 03:45:00.000,Bus,transport,Cash,6.85,MKD,expense,,,,,
2024-05-06 15:16:28.152,Bus,transport,Cash,0.11,EUR,expense,,,,,
2024-05-06 15:15:51.819,Petrol,fuel,Salary Bank,1.11,EUR,expense,,,,,
2024-05-06 15:15:41.755,RtA,transport,Metro Card,23.97,MKD,expense,,,,,
2024-05-06 15:15:40.067,AtR,transport,Metro Card,0.39,EUR,expense,,,,,
2024-05-06 08:43:44.835,Juice,food_drink,Salary Bank,0.44,EUR,expense,,,,,
2024-05-06 08:43:34.035,Lunch,food_drink,Salary Bank,1.11,EUR,expense,,,,,
2024-05-06 03:28:14.651,Adjust balance,balance_adjustment,Salary Bank,0.89,EUR,income,,,,,
2024-05-06 03:22:18.337,Adjust balance,balance_adjustment,Cash,0.33,EUR,expense,,,,,
2024-05-04 03:27:00.000,Petrol,fuel,Salary Bank,2.22,EUR,expense,,,,,
2024-05-04 03:27:00.000,Medic,health,Salary Bank,0.22,EUR,expense,,,,,
2024-05-03 03:26:00.000,Petrol,fuel,Salary Bank,1.11,EUR,expense,,,,,
2024-05-03 03:26:00.000,Recharge,utilities,Salary Bank,3.22,USD,expense,,,,,
2024-05-03 03:26:00.000,Petrol,fuel,Salary Bank,0.56,EUR,expense,,,,,
2024-05-02 06:59:13.423,Exam Fees,education,Salary Bank,22.22,EUR,expense,,,,,
2024-05-02 06:59:01.605,Juice,food_drink,Salary Bank,0.89,EUR,expense,,,,,
2024-05-02 06:58:52.514,Bus,transport,Cash,0.11,EUR,expense,,,,,
2024-05-02 06:58:47.253,Auto,transport,Cash,0.22,EUR,expense,,,,,
2024-05-02 03:25:00.000,Juice,food_drink,Salary Bank,0.89,EUR,expense,,,,,
2024-05-02 03:25:00.000,Snacks,food_drink,Salary Bank,0.33,EUR,expense,,,,,
2024-05-02 01:49:29.202,Savings,transfer,Salary Bank,22.22,EUR,transfer,22.22,EUR,Savings Bank,22.22,EUR
2024-05-02 01:49:07.739,Netflix,entertainment,Salary Bank,2.21,EUR,expense,,,,,
2024-05-02 01:46:00.656,family_member_a,peer_transfer,Salary Bank,55.56,EUR,expense,,,,,
2024-05-01 16:01:11.889,Adjust balance,balance_adjustment,Salary Bank,0.33,EUR,expense,,,,,
2024-05-01 16:00:51.168,Recharge,utilities,Salary Bank,1.72,EUR,expense,,,,,
2024-05-01 16:00:00.363,Juice,food_drink,Salary Bank,0.72,USD,expense,,,,,
2024-05-01 15:59:19.629,Recharge,transfer,Salary Bank,2.22,EUR,transfer,2.22,EUR,Metro Card,2.22,EUR
2024-05-01 15:58:54.202,Withdraw,transfer,Salary Bank,3.33,EUR,transfer,3.33,EUR,Cash,3.33,EUR
2024-05-01 15:57:45.381,RtA,transport,Cash,0.39,EUR,expense,,,,,
2024-05-01 03:50:02.977,AtR,transport,Metro Card,23.97,MKD,expense,,,,,
2024-05-01 03:25:35.843,Water,food_drink,Salary Bank,20.55,MKD,expense,,,,,
2024-04-30 14:50:06.823,Salary,salary,Salary Bank,215.19,EUR,income,,,,,
2024-04-30 14:49:49.288,Bus,transport,Cash,0.11,EUR,expense,,,,,
2024-04-30 14:49:41.429,AtR,transport,Salary Bank,0.39,EUR,expense,,,,,
2024-04-30 14:49:29.643,RtA,transport,Salary Bank,23.97,MKD,expense,,,,,
2024-04-30 02:03:00.000,Juice,food_drink,Salary Bank,1,EUR,expense,,,,,
2024-04-29 18:43:47.723,Bus,transport,Cash,6.85,MKD,expense,,,,,
2024-04-29 18:43:40.127,RtA,transport,Salary Bank,0.39,EUR,expense,,,,,
2024-04-29 12:05:51.225,Adjust balance,balance_adjustment,Cash,0.89,EUR,expense,,,,,
2024-04-29 08:51:18.570,Bus,transport,Cash,0.11,EUR,expense,,,,,
2024-04-29 08:51:06.330,AtR,transport,Salary Bank,0.39,EUR,expense,,,,,
2024-04-28 15:27:48.931,family_member_a,peer_transfer,Salary Bank,342.47,MKD,expense,,,,,
2024-04-28 14:17:36.623,Breakfast,food_drink,Salary Bank,0.33,EUR,expense,,,,,
2024-04-27 14:17:00.000,🍰,food_drink,Salary Bank,1.11,EUR,expense,,,,,
2024-04-27 14:17:00.000,Milk,groceries,Salary Bank,27.4,MKD,expense,,,,,
2024-04-27 14:16:00.000,Snacks,food_drink,Salary Bank,1,EUR,expense,,,,,
2024-04-27 14:15:00.000,Water,food_drink,Salary Bank,0.67,EUR,expense,,,,,
2024-04-27 14:07:00.000,Juice,food_drink,Salary Bank,82.19,MKD,expense,,,,,
2024-04-27 14:06:00.000,Water,food_drink,Salary Bank,0.67,EUR,expense,,,,,
2024-04-27 14:06:00.000,Lunch,food_drink,Salary Bank,1.11,EUR,expense,,,,,
2024-04-27 14:05:00.000,person_e,other_income,Salary Bank,1.11,EUR,income,,,,,
2024-04-27 14:05:00.000,person_f,other_income,Salary Bank,3.33,EUR,income,,,,,
2024-04-27 14:04:00.000,Petrol,fuel,Salary Bank,1.11,EUR,expense,,,,,
2024-04-26 14:04:00.000,Juice,food_drink,Salary Bank,33.56,MKD,expense,,,,,
2024-04-26 14:04:00.000,person_b,peer_transfer,Salary Bank,5.56,EUR,expense,,,,,
2024-04-26 14:03:00.000,Snacks,food_drink,Salary Bank,0.11,EUR,expense,,,,,
2024-04-26 14:03:00.000,Drink,food_drink,Salary Bank,0.54,EUR,expense,,,,,
2024-04-26 14:03:00.000,Lunch,food_drink,Salary Bank,1.33,EUR,expense,,,,,
2024-04-26 14:02:00.000,Water,food_drink,Salary Bank,41.1,MKD,expense,,,,,
2024-04-26 14:01:00.000,Petrol,fuel,Salary Bank,1.11,EUR,expense,,,,,
2024-04-25 14:01:00.000,Snacks,food_drink,Salary Bank,0.22,EUR,expense,,,,,
2024-04-25 14:00:00.000,Petrol,fuel,Salary Bank,1.11,EUR,expense,,,,,
2024-04-24 14:00:00.000,Shirt,shopping,Salary Bank,7.77,EUR,expense,,,,,
2024-04-24 13:42:04.617,Petrol,fuel,Salary Bank,68.49,MKD,expense,,,,,
2024-04-24 13:41:51.834,Petrol,fuel,Salary Bank,34.25,MKD,expense,,,,,
2024-04-24 13:41:40.008,Snacks,food_drink,Salary Bank,0.67,EUR,expense,,,,,
2024-04-23 17:13:53.508,Team lunch,food_drink,Salary Bank,8.83,EUR,expense,,,,,
2024-04-23 14:43:27.195,Bus,transport,Cash,0.24,USD,expense,,,,,
2024-04-23 14:40:43.848,RtA,transport,Metro Card,0.39,EUR,expense,,,,,
2024-04-23 14:40:43.047,AtR,transport,Metro Card,0.39,EUR,expense,,,,,
2024-04-22 14:43:00.000,Bus,transport,Cash,0.11,EUR,expense,,,,,
2024-04-22 14:41:00.000,RtA,transport,Metro Card,0.39,EUR,expense,,,,,
2024-04-22 14:41:00.000,Bus Pass,transport,Salary Bank,4.78,EUR,expense,,,,,
2024-04-22 04:55:34.117,Recharge,utilities,Salary Bank,2.88,EUR,expense,,,,,
2024-04-22 04:50:23.089,Adjust balance,balance_adjustment,Savings Bank,0.49,EUR,income,,,,,
2024-04-22 04:49:49.403,Settlement,other,Salary Bank,13.7,MKD,expense,,,,,
2024-04-22 04:49:11.195,Adjust balance,balance_adjustment,Cash,0.22,EUR,expense,,,,,
2024-04-22 04:48:34.081,Bus,transport,Cash,0.33,EUR,expense,,,,,
2024-04-22 04:47:21.338,AtR,transport,Metro Card,0.39,EUR,expense,,,,,
2024-04-21 04:47:00.000,Juice,food_drink,Salary Bank,0.44,EUR,expense,,,,,
2024-04-21 04:47:00.000,Manchuria,food_drink,Cash,0.78,EUR,expense,,,,,
2024-04-21 03:26:06.969,Breakfast,food_drink,Salary Bank,0.28,EUR,expense,,,,,
2024-04-21 03:25:59.594,Petrol,fuel,Salary Bank,1.11,EUR,expense,,,,,
2024-04-21 03:25:50.659,Tyre,vehicle_maintenance,Cash,0.11,EUR,expense,,,,,
2024-04-20 18:28:32.596,Shirt,shopping,Salary Bank,547.26,MKD,expense,,,,,
2024-04-20 18:28:20.117,Burrito,food_drink,Salary Bank,0.92,EUR,expense,,,,,
2024-04-20 18:28:00.000,person_c PayUp,other_income,Salary Bank,0.99,EUR,income,,,,,
2024-04-20 18:27:48.295,Ice Cream,food_drink,Salary Bank,0.98,EUR,expense,,,,,
2024-04-20 01:58:00.000,Water,food_drink,Cash,0.33,EUR,expense,,,,,
2024-04-19 08:03:00.699,Bus,transport,Cash,0.11,EUR,expense,,,,,
2024-04-19 08:02:45.501,RtA,transport,Metro Card,0.39,EUR,expense,,,,,
2024-04-19 08:02:43.381,AtR,transport,Metro Card,0.39,EUR,expense,,,,,
2024-04-18 16:46:10.130,Snacks,food_drink,Salary Bank,0.9,USD,expense,,,,,
2024-04-18 16:45:14.900,Snacks,food_drink,Salary Bank,1.44,EUR,expense,,,,,
2024-04-17 05:06:48.154,Reacharge,transfer,Salary Bank,2.41,USD,transfer,2.41,USD,Metro Card,2.41,USD
2024-04-17 04:00:52.496,AtR,transport,Cash,0.39,EUR,expense,,,,,
2024-04-17 04:00:42.283,Withdraw,transfer,Salary Bank,3.33,EUR,transfer,3.33,EUR,Cash,3.33,EUR
2024-04-16 12:38:52.794,RtA,transport,Metro Card,0.39,EUR,expense,,,,,
2024-04-16 07:09:53.181,Bus,transport,Cash,0.11,EUR,expense,,,,,
2024-04-16 07:09:46.768,AtR,transport,Metro Card,0.39,EUR,expense,,,,,
2024-04-15 14:59:31.037,Bus,transport,Cash,0.11,EUR,expense,,,,,
2024-04-15 14:59:23.954,RtA,transport,Metro Card,0.39,EUR,expense,,,,,
2024-04-15 14:59:21.617,Snacks,food_drink,Salary Bank,41.1,MKD,expense,,,,,
2024-04-15 12:38:00.000,Domain,utilities,Salary Bank,6.85,EUR,expense,,,,,
2024-04-15 06:55:17.895,AtR,transport,Metro Card,0.39,EUR,expense,,,,,
2024-04-15 06:55:10.570,Bus,transport,Cash,0.11,EUR,expense,,,,,
2024-04-14 16:42:19.952,Breakfast,food_drink,Salary Bank,0.33,EUR,expense,,,,,
2024-04-12 15:16:13.135,Bus,transport,Cash,13.7,MKD,expense,,,,,
2024-04-12 12:47:51.097,Recharge,transfer,Salary Bank,2.41,USD,transfer,2.41,USD,Metro Card,2.41,USD
2024-04-12 12:47:39.692,RtA,transport,Metro Card,0.39,EUR,expense,,,,,
2024-04-12 12:47:37.044,AtR,transport,Metro Card,0.39,EUR,expense,,,,,
2024-04-12 03:11:12.881,Adjust balance,balance_adjustment,Metro Card,0.44,EUR,expense,,,,,
2024-04-10 13:03:30.729,RtA,transport,Metro Card,0.39,EUR,expense,,,,,
2024-04-10 04:25:25.680,Adjust balance,balance_adjustment,Cash,0.33,EUR,expense,,,,,
2024-04-10 04:24:13.571,Adjust balance,balance_adjustment,Salary Bank,0.79,EUR,expense,,,,,
2024-04-10 04:21:51.672,Gym,health,Salary Bank,11.11,EUR,expense,,,,,
2024-04-10 04:21:38.710,AtR,transport,Metro Card,23.97,MKD,expense,,,,,
2024-04-10 03:10:00.000,Shawarma 🌯,food_drink,Salary Bank,1.56,EUR,expense,,,,,
2024-04-08 10:36:18.446,AtR,transport,Metro Card,0.39,EUR,expense,,,,,
2024-04-08 10:36:12.580,Bus,transport,Cash,6.85,MKD,expense,,,,,
2024-04-07 14:17:41.212,Breakfast,food_drink,Salary Bank,0.33,EUR,expense,,,,,
2024-04-07 14:17:28.139,Fest,entertainment,Salary Bank,3.01,USD,expense,,,,,
2024-04-06 03:42:00.000,Juice,food_drink,Salary Bank,0.11,EUR,expense,,,,,
2024-04-06 03:41:00.000,Bus,transport,Cash,0.11,EUR,expense,,,,,
2024-04-06 03:41:00.000,Juice,food_drink,Salary Bank,0.33,EUR,expense,,,,,
2024-04-06 03:40:00.000,Auto,transport,Cash,0.22,EUR,expense,,,,,
2024-04-05 13:25:05.480,Juice,food_drink,Salary Bank,20.55,MKD,expense,,,,,
2024-04-05 13:24:56.623,RtA,transport,Metro Card,0.39,EUR,expense,,,,,
2024-04-05 12:22:46.731,Recharge,transfer,Salary Bank,2.22,EUR,transfer,2.22,EUR,Metro Card,2.22,EUR
2024-04-05 08:47:42.107,Wow,other,Salary Bank,3.44,EUR,expense,,,,,
2024-04-05 05:34:22.364,Juice,food_drink,Salary Bank,0.28,EUR,expense,,,,,
2024-04-05 05:34:05.807,AtR,transport,Metro Card,0.39,EUR,expense,,,,,
2024-04-04 08:37:47.351,Snacks,food_drink,Salary Bank,0.83,EUR,expense,,,,,
2024-04-04 03:43:27.547,Petrol,fuel,Salary Bank,1.11,EUR,expense,,,,,
2024-04-04 02:07:59.508,Stonks,investment_income,Salary Bank,8.46,EUR,income,,,,,
2024-04-03 14:58:09.114,Settlement,transfer,Salary Bank,35.54,EUR,transfer,35.54,EUR,Savings Bank,35.54,EUR
2024-04-03 14:55:47.327,family_member_b,family_support,Salary Bank,111.11,EUR,income,,,,,
2024-04-03 10:25:10.802,Bus,transport,Cash,0.11,EUR,expense,,,,,
2024-04-03 10:23:49.761,AtR,transport,Metro Card,0.42,USD,expense,,,,,
2024-04-02 10:24:00.000,AtR,transport,Metro Card,23.97,MKD,expense,,,,,
2024-04-02 10:24:00.000,RtA,transport,Metro Card,0.39,EUR,expense,,,,,
2024-04-02 10:24:00.000,Juice,food_drink,Cash,0.11,EUR,expense,,,,,
2024-04-02 10:24:00.000,Juice,food_drink,Cash,0.67,EUR,expense,,,,,
2024-04-02 10:24:00.000,person_b,other_income,Cash,41.1,MKD,income,,,,,
2024-04-02 03:33:39.883,Bus,transport,Cash,0.11,EUR,expense,,,,,
2024-04-01 18:29:57.016,Netflix,entertainment,Savings Bank,2.21,EUR,expense,,,,,
2024-04-01 18:28:27.576,person_b,peer_transfer,Savings Bank,36.14,USD,expense,,,,,
2024-04-01 18:18:37.086,person_j,other_income,Cash,1.11,EUR,income,,,,,
2024-04-01 18:18:27.349,Snacks,food_drink,Salary Bank,1.78,EUR,expense,,,,,
2024-04-01 15:09:51.209,Juice,food_drink,Salary Bank,0.56,EUR,expense,,,,,
2024-04-01 03:17:56.352,Adjust balance,balance_adjustment,Cash,34.25,MKD,expense,,,,,
2024-03-31 18:34:00.000,AtR,transport,Metro Card,0.39,EUR,expense,,,,,
2024-03-31 18:34:00.000,Bus,transport,Cash,0.11,EUR,expense,,,,,
2024-03-31 17:00:28.422,family_member_a,peer_transfer,Salary Bank,18.89,EUR,expense,,,,,
2024-03-31 13:58:13.008,Shoes,shopping,Salary Bank,1711.64,MKD,expense,,,,,
2024-03-31 12:45:00.691,Haircut,personal_care,Salary Bank,1.67,EUR,expense,,,,,
2024-03-30 03:09:01.045,person_b,peer_transfer,Cash,1.11,EUR,expense,,,,,
2024-03-29 18:47:00.000,Snacks,food_drink,Salary Bank,1,EUR,expense,,,,,
2024-03-29 15:27:48.850,family_member_b,peer_transfer,Salary Bank,144.44,EUR,expense,,,,,
2024-03-29 15:27:39.829,Breakfast,food_drink,Salary Bank,0.67,EUR,expense,,,,,
2024-03-28 11:31:59.355,Petrol,fuel,Salary Bank,1.11,EUR,expense,,,,,
2024-03-28 10:58:48.815,Snacks,food_drink,Salary Bank,2.78,EUR,expense,,,,,
2024-03-28 06:39:45.408,Settle,other,Salary Bank,0.06,USD,expense,,,,,
2024-03-28 06:38:50.642,Salary,salary,Salary Bank,252.22,EUR,income,,,,,
2024-03-28 06:38:12.426,Transfer,transfer,Salary Bank,2823.97,MKD,transfer,2823.97,MKD,Savings Bank,2823.97,MKD
2024-03-27 15:39:26.573,Ice cream,food_drink,Cash,0.78,EUR,expense,,,,,
2024-03-26 16:59:57.985,Juice,food_drink,Salary Bank,0.44,EUR,expense,,,,,
2024-03-26 16:59:46.122,Auto,transport,Cash,0.22,EUR,expense,,,,,
2024-03-25 15:53:52.918,Bus,transport,Cash,0.11,EUR,expense,,,,,
2024-03-25 13:17:40.044,Bus,transport,Cash,0.12,USD,expense,,,,,
2024-03-25 13:17:15.511,RtA,transport,Metro Card,0.39,EUR,expense,,,,,
2024-03-25 13:17:13.755,AtR,transport,Metro Card,23.97,MKD,expense,,,,,
2024-03-25 13:17:10.519,Recharge,transfer,Cash,2.22,EUR,transfer,2.22,EUR,Metro Card,2.22,EUR
2024-03-24 16:40:59.707,Adjust balance,balance_adjustment,Salary Bank,1.17,EUR,expense,,,,,
2024-03-22 13:26:42.165,Bus,transport,Cash,0.33,EUR,expense,,,,,
2024-03-22 13:26:34.794,Juice,food_drink,Salary Bank,0.11,EUR,expense,,,,,
2024-03-22 13:26:28.610,Snacks,food_drink,Salary Bank,0.89,EUR,expense,,,,,
2024-03-22 13:26:21.200,Withdraw,transfer,Salary Bank,5.56,EUR,transfer,5.56,EUR,Cash,5.56,EUR
2024-03-22 13:26:06.797,RtA,transport,Metro Card,0.39,EUR,expense,,,,,
2024-03-21 14:54:03.976,family_member_a,peer_transfer,Salary Bank,5.56,EUR,expense,,,,,
2024-03-21 10:09:12.859,Recharge,utilities,Salary Bank,3.12,USD,expense,,,,,
2024-03-21 10:07:32.266,family_member_b,family_support,Salary Bank,1369.86,MKD,income,,,,,
2024-03-21 10:05:14.371,Stonks,financial,Salary Bank,2.56,EUR,expense,,,,,
2024-03-21 10:04:54.277,Petrol,fuel,Salary Bank,136.99,MKD,expense,,,,,
2024-03-19 18:44:00.000,RtA,transport,Metro Card,0.39,EUR,expense,,,,,
2024-03-19 18:43:00.000,Snacks,food_drink,Salary Bank,0.28,EUR,expense,,,,,
2024-03-19 07:06:00.000,RtA,transport,Metro Card,0.39,EUR,expense,,,,,
2024-03-19 07:06:00.000,Shawarma 🌯,food_drink,Salary Bank,2.89,EUR,expense,,,,,
2024-03-19 06:05:26.422,Bus pass,transport,Salary Bank,4.78,EUR,expense,,,,,
2024-03-18 06:05:00.000,RtA,transport,Metro Card,0.39,EUR,expense,,,,,
2024-03-17 17:03:54.268,Adjust balance,balance_adjustment,Cash,1.22,EUR,expense,,,,,
2024-03-16 18:40:00.000,Snacks,food_drink,Salary Bank,0.33,EUR,expense,,,,,
2024-03-16 01:55:57.271,Rent,housing,Salary Bank,45.78,USD,expense,,,,,
2024-03-15 18:39:00.000,Juice,food_drink,Salary Bank,0.44,EUR,expense,,,,,
2024-03-15 18:39:00.000,Snacks,food_drink,Salary Bank,0.22,EUR,expense,,,,,
2024-03-15 17:04:00.000,RtA,transport,Metro Card,0.39,EUR,expense,,,,,
2024-03-15 01:55:00.000,Bike,transport,Salary Bank,0.82,EUR,expense,,,,,
2024-03-14 01:54:00.000,Snacks,food_drink,Salary Bank,71.92,MKD,expense,,,,,
2024-03-13 01:53:00.000,Snacks,food_drink,Salary Bank,0.33,EUR,expense,,,,,
2024-03-13 01:52:00.000,Bandages,health,Salary Bank,0.09,EUR,expense,,,,,
2024-03-12 17:33:34.220,family_member_a,peer_transfer,Salary Bank,22.22,EUR,expense,,,,,
2024-03-12 17:33:12.758,Doc,health,Salary Bank,0.67,EUR,expense,,,,,
2024-03-12 17:33:00.145,Juice,food_drink,Salary Bank,1,EUR,expense,,,,,
2024-03-12 17:32:45.399,Shawarma 🌯,food_drink,Salary Bank,1.67,EUR,expense,,,,,
2024-03-12 17:32:28.109,Breakfast,food_drink,Salary Bank,0.33,EUR,expense,,,,,
2024-03-11 17:31:00.000,Jalebi,food_drink,Salary Bank,20.55,MKD,expense,,,,,
2024-03-10 03:29:43.493,family_member_a,peer_transfer,Salary Bank,11.11,EUR,expense,,,,,
2024-03-09 17:30:00.000,Juice,food_drink,Salary Bank,0.11,EUR,expense,,,,,
2024-03-09 03:29:00.000,Petrol,fuel,Salary Bank,2.22,EUR,expense,,,,,
2024-03-08 10:13:57.611,Snacks,food_drink,Salary Bank,0.11,EUR,expense,,,,,
2024-03-08 10:12:12.982,Breakfast,food_drink,Salary Bank,0.33,EUR,expense,,,,,
2024-03-07 14:36:57.940,Snacks,food_drink,Salary Bank,0.67,EUR,expense,,,,,
2024-03-07 13:45:37.905,RtA,transport,Cash,23.97,MKD,expense,,,,,
2024-03-07 05:21:42.255,Adjust balance,balance_adjustment,Cash,0.28,EUR,expense,,,,,
2024-03-07 05:20:46.631,AtR,transport,Metro Card,0.39,EUR,expense,,,,,
2024-03-07 05:20:39.735,Bus,transport,Cash,0.11,EUR,expense,,,,,
2024-03-07 05:20:28.040,Withdraw,transfer,Salary Bank,2.22,EUR,transfer,2.22,EUR,Cash,2.22,EUR
2024-03-07 05:20:07.762,Recharge,transfer,Salary Bank,2.78,EUR,transfer,2.78,EUR,Metro Card,2.78,EUR
2024-03-06 14:21:26.486,RtA,transport,Metro Card,0.39,EUR,expense,,,,,
2024-03-06 14:21:20.169,Snacks,food_drink,Cash,6.85,MKD,expense,,,,,
2024-03-06 06:37:05.798,AtR,transport,Metro Card,0.39,EUR,expense,,,,,
2024-03-06 06:36:57.627,RB 🐂,food_drink,Salary Bank,1.39,EUR,expense,,,,,
2024-03-06 03:26:03.538,family_member_a,peer_transfer,Salary Bank,12.05,USD,expense,,,,,
2024-03-06 01:31:33.779,Netflix,entertainment,Salary Bank,1.1,EUR,expense,,,,,
2024-03-05 12:53:13.025,AtR,transport,Metro Card,0.42,USD,expense,,,,,
2024-03-05 12:53:03.972,Bus,transport,Cash,0.11,EUR,expense,,,,,
2024-03-05 01:31:00.000,RtA,transport,Metro Card,23.97,MKD,expense,,,,,
2024-03-04 15:01:34.885,Snacks,food_drink,Salary Bank,0.22,EUR,expense,,,,,
2024-03-04 15:01:24.734,Snacks,food_drink,Salary Bank,0.28,EUR,expense,,,,,
2024-03-04 15:01:04.247,RtA,transport,Cash,23.97,MKD,expense,,,,,
2024-03-04 08:29:40.741,AtR,transport,Metro Card,0.39,EUR,expense,,,,,
2024-03-04 08:29:28.861,family_member_a,peer_transfer,Cash,0.89,EUR,expense,,,,,
2024-03-04 02:41:54.279,Recharge,transfer,Salary Bank,2.22,EUR,transfer,2.22,EUR,Metro Card,2.22,EUR
2024-03-03 02:41:00.000,Snacks,food_drink,Salary Bank,0.67,EUR,expense,,,,,
2024-03-03 02:40:00.000,Laptop fixes,shopping,Salary Bank,1.81,USD,expense,,,,,
2024-03-03 02:40:00.000,Juice,food_drink,Salary Bank,1.11,EUR,expense,,,,,
2024-03-03 02:40:00.000,Snacks,food_drink,Salary Bank,102.74,MKD,expense,,,,,
2024-03-02 02:40:00.000,Cab,transport,Salary Bank,4.66,EUR,expense,,,,,
2024-03-02 02:39:00.000,Can,other,Salary Bank,5.29,EUR,expense,,,,,
2024-03-02 02:39:00.000,Dinner,other,Salary Bank,25.95,USD,expense,,,,,
2024-03-02 02:34:01.350,Gym,health,Salary Bank,684.93,MKD,expense,,,,,
2024-03-01 12:58:00.000,Snacks,food_drink,Salary Bank,0.67,EUR,expense,,,,,
2024-03-01 12:54:00.000,AtR,transport,Metro Card,0.39,EUR,expense,,,,,
2024-03-01 12:54:00.000,RtA,transport,Metro Card,23.97,MKD,expense,,,,,
2024-03-01 03:28:51.286,family_member_a,peer_transfer,Salary Bank,60.24,USD,expense,,,,,
2024-02-29 18:02:30.841,Fancode,entertainment,Salary Bank,6.66,EUR,expense,,,,,
2024-02-29 16:16:17.255,Snacks,food_drink,Salary Bank,41.1,MKD,expense,,,,,
2024-02-29 16:16:04.801,Salary,salary,Salary Bank,252.22,EUR,income,,,,,
2024-02-29 04:36:14.818,Adjust balance,balance_adjustment,Savings Bank,0.5,EUR,expense,,,,,
2024-02-29 04:24:37.293,Adjust balance,balance_adjustment,Savings Bank,0,EUR,income,,,,,
2024-02-29 02:59:46.403,Petrol,fuel,Savings Bank,1.11,EUR,expense,,,,,
2024-02-29 02:06:26.648,family_member_a,peer_transfer,Cash,1.11,EUR,expense,,,,,
2024-02-29 02:06:19.586,family_member_b,peer_transfer,Cash,1.67,EUR,expense,,,,,
2024-02-28 16:41:21.326,Bus,transport,Cash,0.11,EUR,expense,,,,,
2024-02-28 14:06:47.574,RtA,transport,Metro Card,0.39,EUR,expense,,,,,
2024-02-28 14:06:40.364,Snacks,food_drink,Savings Bank,0.67,EUR,expense,,,,,
2024-02-28 04:15:17.483,AtR,transport,Cash,0.39,EUR,expense,,,,,
2024-02-28 03:36:25.923,Adjust balance,balance_adjustment,Cash,0.17,EUR,expense,,,,,
2024-02-27 14:14:39.153,Bus,transport,Cash,6.85,MKD,expense,,,,,
2024-02-27 14:14:24.421,RtA,transport,Metro Card,0.42,USD,expense,,,,,
2024-02-27 14:01:20.741,Shawarma 🌯,food_drink,Savings Bank,1.56,EUR,expense,,,,,
2024-02-27 09:11:35.079,Bus,transport,Cash,0.11,EUR,expense,,,,,
2024-02-27 09:11:24.889,Snacks,food_drink,Savings Bank,0.39,EUR,expense,,,,,
2024-02-27 04:23:28.568,AtR,transport,Metro Card,23.97,MKD,expense,,,,,
2024-02-26 15:11:00.093,Withdraw,transfer,Savings Bank,5.56,EUR,transfer,5.56,EUR,Cash,5.56,EUR
2024-02-26 14:25:00.924,Bus,transport,Cash,0.11,EUR,expense,,,,,
2024-02-26 14:24:51.605,Snacks,food_drink,Savings Bank,0.67,EUR,expense,,,,,
2024-02-26 12:17:57.526,Recharge,transfer,Savings Bank,2.22,EUR,transfer,2.22,EUR,Metro Card,2.22,EUR
2024-02-26 06:18:30.886,Adjust balance,balance_adjustment,Savings Bank,10.44,EUR,income,,,,,
2024-02-26 06:15:19.217,Adjust balance,balance_adjustment,Cash,0.11,EUR,expense,,,,,
2024-02-26 04:29:25.514,Bus,transport,Cash,6.85,MKD,expense,,,,,
2024-02-26 03:36:00.000,AtR,transport,Metro Card,0.39,EUR,expense,,,,,
2024-02-26 03:35:00.000,RtA,transport,Metro Card,0.39,EUR,expense,,,,,
2024-02-26 03:29:28.213,family_member_a,peer_transfer,Cash,2.22,EUR,expense,,,,,
2024-02-26 03:29:21.480,family_member_b,peer_transfer,Cash,0.56,EUR,expense,,,,,
2024-02-24 07:53:19.532,Snacks,food_drink,Cash,0.56,EUR,expense,,,,,
2024-02-24 07:20:41.051,Snacks,food_drink,Cash,23.97,MKD,expense,,,,,
2024-02-23 14:45:15.570,Snacks,food_drink,Cash,0.3,USD,expense,,,,,
2024-02-23 14:45:08.008,Bus,transport,Cash,0.11,EUR,expense,,,,,
2024-02-23 14:44:59.772,RtA,transport,Metro Card,0.39,EUR,expense,,,,,
2024-02-23 05:30:44.474,Bus,transport,Cash,0.11,EUR,expense,,,,,
2024-02-23 05:30:37.686,AtR,transport,Metro Card,23.97,MKD,expense,,,,,
2024-02-22 16:58:54.432,Bb,other,Savings Bank,0.56,EUR,expense,,,,,
2024-02-22 15:12:47.507,Bus,transport,Cash,0.11,EUR,expense,,,,,
2024-02-22 15:12:41.854,RtA,transport,Metro Card,0.39,EUR,expense,,,,,
2024-02-22 05:29:24.587,Stonks,financial,Savings Bank,2,EUR,expense,,,,,
2024-02-22 05:28:30.990,Bus,transport,Cash,0.11,EUR,expense,,,,,
2024-02-22 05:28:21.373,AtR,transport,Metro Card,23.97,MKD,expense,,,,,
2024-02-21 15:43:20.895,Snacks,food_drink,Savings Bank,0.33,EUR,expense,,,,,
2024-02-21 13:43:04.893,Bus,transport,Cash,0.12,USD,expense,,,,,
2024-02-21 12:29:38.628,RtA,transport,Metro Card,0.39,EUR,expense,,,,,
2024-02-21 12:29:28.216,Recharge,utilities,Savings Bank,2.88,EUR,expense,,,,,
2024-02-20 17:01:00.000,Play store,entertainment,Savings Bank,0.11,USD,expense,,,,,
2024-02-20 14:05:45.725,Bus,transport,Cash,0.11,EUR,expense,,,,,
2024-02-20 14:05:34.287,RtA,transport,Metro Card,0.39,EUR,expense,,,,,
2024-02-20 04:48:04.567,AtR,transport,Metro Card,0.39,EUR,expense,,,,,
2024-02-19 14:43:33.478,Bus,transport,Cash,0.11,EUR,expense,,,,,
2024-02-19 14:43:19.809,RtA,transport,Metro Card,23.97,MKD,expense,,,,,
2024-02-19 04:28:13.342,AtR,transport,Savings Bank,0.39,EUR,expense,,,,,
2024-02-19 04:27:55.686,Reacharge,transfer,Savings Bank,3.33,EUR,transfer,3.33,EUR,Metro Card,3.33,EUR
2024-02-18 15:09:03.757,Biryani,transfer,Savings Bank,2.56,EUR,transfer,2.56,EUR,Cash,2.56,EUR
2024-02-18 15:08:52.317,Biryani 🍚,food_drink,Savings Bank,2.78,EUR,expense,,,,,
2024-02-18 13:05:06.921,Juice,food_drink,Savings Bank,0.44,EUR,expense,,,,,
2024-02-18 13:05:00.369,Snacks,food_drink,Cash,0.44,EUR,expense,,,,,
2024-02-18 13:04:50.844,Book,education,Savings Bank,1.67,EUR,expense,,,,,
2024-02-18 13:04:34.238,Entry fee,entertainment,Cash,0.56,EUR,expense,,,,,
2024-02-17 14:58:49.354,Bus pass,transport,Savings Bank,4.78,EUR,expense,,,,,
2024-02-17 14:58:38.786,Juice,food_drink,Savings Bank,0.24,USD,expense,,,,,
2024-02-17 04:31:58.952,Adjust balance,balance_adjustment,Cash,0.18,EUR,expense,,,,,
2024-02-17 04:30:09.939,Adjust balance,balance_adjustment,Savings Bank,1.44,EUR,income,,,,,
2024-02-16 14:56:36.514,RtA,transport,Metro Card,0.39,EUR,expense,,,,,
2024-02-16 14:56:26.406,AtR,transport,Metro Card,0.39,EUR,expense,,,,,
2024-02-15 14:56:00.000,RtA,transport,Metro Card,23.97,MKD,expense,,,,,
2024-02-14 17:33:35.053,Snack,food_drink,Savings Bank,1.11,EUR,expense,,,,,
2024-02-14 17:33:27.249,Petrol,fuel,Savings Bank,1.2,USD,expense,,,,,
2024-02-14 06:32:47.056,Petrol,fuel,Savings Bank,1.11,EUR,expense,,,,,
2024-02-13 12:11:37.767,RtA,transport,Metro Card,0.42,USD,expense,,,,,
2024-02-13 12:11:26.401,Recharge,transfer,Savings Bank,136.99,MKD,transfer,136.99,MKD,Metro Card,136.99,MKD
2024-02-13 12:11:11.514,AtR,transport,Metro Card,0.39,EUR,expense,,,,,
2024-02-13 06:32:00.000,Bus,transport,Cash,0.11,EUR,expense,,,,,
2024-02-12 12:10:00.000,RtA,transport,Metro Card,0.39,EUR,expense,,,,,
2024-02-12 12:10:00.000,Bus,transport,Cash,0.11,EUR,expense,,,,,
2024-02-12 12:04:06.544,Adjust balance,balance_adjustment,Metro Card,0.02,EUR,income,,,,,
2024-02-11 14:46:45.004,Snacks,food_drink,Savings Bank,89.04,MKD,expense,,,,,
2024-02-10 13:18:00.000,Snacks,food_drink,Savings Bank,0.5,EUR,expense,,,,,
2024-02-10 13:18:00.000,Auto,transport,Cash,0.22,EUR,expense,,,,,
2024-02-09 13:17:00.000,Snacks,food_drink,Savings Bank,1.61,EUR,expense,,,,,
2024-02-09 13:17:00.000,Pants,shopping,Savings Bank,11.09,EUR,expense,,,,,
2024-02-08 14:44:22.286,Ice cream,food_drink,Savings Bank,69.86,MKD,expense,,,,,
2024-02-08 12:48:01.542,Pizza,food_drink,Savings Bank,2.74,EUR,expense,,,,,
2024-02-08 05:00:00.000,Shirt,shopping,Savings Bank,11.1,EUR,expense,,,,,
2024-02-08 05:00:00.000,Pant,shopping,Savings Bank,8.88,EUR,expense,,,,,
2024-02-07 12:13:11.151,RtA,transport,Savings Bank,0.39,EUR,expense,,,,,
2024-02-07 03:34:00.000,UPI lite,financial,Savings Bank,0.01,EUR,expense,,,,,
2024-02-06 08:47:07.084,Bus Pass,transport,Savings Bank,4.89,EUR,expense,,,,,
2024-02-06 05:43:00.000,family_member_a,peer_transfer,Savings Bank,11.11,EUR,expense,,,,,
2024-02-05 14:21:42.297,Withdraw,transfer,Savings Bank,4.44,EUR,transfer,4.44,EUR,Cash,4.44,EUR
2024-02-05 14:21:25.901,Snacks,food_drink,Savings Bank,1,EUR,expense,,,,,
2024-02-05 14:21:18.327,Exam,education,Savings Bank,273.97,MKD,expense,,,,,
2024-02-05 14:20:10.098,Adjust balance,balance_adjustment,Cash,0.44,EUR,expense,,,,,
2024-02-03 15:19:20.909,Stonks,investment_income,Savings Bank,0.05,EUR,income,,,,,
2024-02-03 15:15:18.470,family_member_a birthday,peer_transfer,Savings Bank,574.66,MKD,expense,,,,,
2024-02-03 03:49:08.591,Auto,transport,Savings Bank,0.22,EUR,expense,,,,,
2024-02-03 02:57:54.135,family_member_a,peer_transfer,Savings Bank,22.22,EUR,expense,,,,,
2024-02-02 02:58:00.000,Petrol,fuel,Savings Bank,2.22,EUR,expense,,,,,
2024-02-02 02:58:00.000,Book,education,Savings Bank,3.32,EUR,expense,,,,,
2024-02-01 15:40:10.023,Netflix,entertainment,Savings Bank,1.1,EUR,expense,,,,,
2024-02-01 15:40:02.903,Snacks,food_drink,Savings Bank,0.48,USD,expense,,,,,
2024-02-01 02:56:00.000,Petrol,fuel,Savings Bank,1.11,EUR,expense,,,,,
2024-02-01 02:49:46.271,person_b,peer_transfer,Savings Bank,1.11,EUR,expense,,,,,
2024-02-01 02:49:36.606,Gym,health,Savings Bank,12.05,USD,expense,,,,,
2024-01-31 13:33:53.151,Milk,groceries,Savings Bank,60.27,MKD,expense,,,,,
2024-01-31 13:33:38.053,Petrol,fuel,Savings Bank,68.49,MKD,expense,,,,,
2024-01-31 09:29:10.277,person_c,peer_transfer,Savings Bank,2.22,EUR,expense,,,,,
2024-01-31 09:29:03.375,family_member_a,peer_transfer,Savings Bank,55.56,EUR,expense,,,,,
2024-01-31 08:04:16.692,Snacks,food_drink,Savings Bank,0.72,USD,expense,,,,,
2024-01-31 08:04:06.993,person_b,other_income,Savings Bank,1.11,EUR,income,,,,,
2024-01-31 08:03:56.481,Petrol,fuel,Savings Bank,68.49,MKD,expense,,,,,
2024-01-31 08:03:25.837,Salary,salary,Savings Bank,252.22,EUR,income,,,,,
2024-01-30 15:24:24.004,family_member_a,peer_transfer,Savings Bank,68.49,MKD,expense,,,,,
2024-01-30 15:24:15.470,person_c,other_income,Savings Bank,2.22,EUR,income,,,,,
2024-01-30 15:24:07.281,Oil,groceries,Savings Bank,1.11,EUR,expense,,,,,
2024-01-29 15:23:00.000,family_member_a,family_support,Savings Bank,1.11,EUR,income,,,,,
2024-01-29 15:23:00.000,RtA,transport,Savings Bank,0.39,EUR,expense,,,,,
2024-01-29 10:38:05.916,Tire,vehicle_maintenance,Savings Bank,7.78,EUR,expense,,,,,
2024-01-27 06:10:47.124,Adjust balance,balance_adjustment,Cash,0.29,EUR,income,,,,,
2024-01-27 04:37:00.000,Petrol,fuel,Savings Bank,2.78,EUR,expense,,,,,
2024-01-27 04:37:00.000,Noodles,food_drink,Savings Bank,0.67,EUR,expense,,,,,
2024-01-27 04:36:00.000,Xerox,education,Savings Bank,0.06,USD,expense,,,,,
2024-01-27 04:35:00.000,Xerox,education,Savings Bank,0.3,EUR,expense,,,,,
2024-01-26 04:33:00.000,Snacks,food_drink,Savings Bank,0.56,EUR,expense,,,,,
2024-01-25 14:33:31.826,Snacks,food_drink,Savings Bank,82.19,MKD,expense,,,,,
2024-01-24 04:32:00.000,AtR,transport,Savings Bank,0.39,EUR,expense,,,,,
2024-01-24 03:47:05.711,Adjust Balance,balance_adjustment,Savings Bank,0.01,EUR,expense,,,,,
2024-01-24 03:46:24.198,License,financial,Savings Bank,3.33,EUR,expense,,,,,
2024-01-23 03:46:00.000,Snacks,food_drink,Savings Bank,78.77,MKD,expense,,,,,
2024-01-22 03:45:00.000,Grand original,other,Savings Bank,0.33,EUR,expense,,,,,
2024-01-21 05:25:27.557,Shampoo,personal_care,Savings Bank,0.04,EUR,expense,,,,,
2024-01-21 05:25:14.108,Haircut,personal_care,Savings Bank,1.67,EUR,expense,,,,,
2024-01-20 04:26:59.396,Recharge,utilities,Savings Bank,2.88,EUR,expense,,,,,
2024-01-20 03:48:40.411,Auto,transport,Cash,0.22,EUR,expense,,,,,
2024-01-18 12:10:38.789,Auto,transport,Cash,0.24,USD,expense,,,,,
2024-01-18 02:07:00.000,Snacks,food_drink,Savings Bank,1.23,EUR,expense,,,,,
2024-01-16 07:46:00.000,Juice,food_drink,Savings Bank,13.7,MKD,expense,,,,,
2024-01-16 07:46:00.000,Shawarma 🌯,food_drink,Savings Bank,1.44,EUR,expense,,,,,
2024-01-16 04:36:47.099,Bike,transport,Savings Bank,0.33,EUR,expense,,,,,
2024-01-16 03:41:55.665,Auto,transport,Cash,13.7,MKD,expense,,,,,
2024-01-16 02:22:09.074,Rent,housing,Savings Bank,38.89,EUR,expense,,,,,
2024-01-15 12:32:43.650,Juice,food_drink,Savings Bank,0.83,EUR,expense,,,,,
2024-01-14 12:33:00.000,Recharge,utilities,Savings Bank,0.01,EUR,expense,,,,,
2024-01-13 15:08:57.801,Snack,food_drink,Savings Bank,0.33,EUR,expense,,,,,
2024-01-13 12:32:00.000,Snacks,food_drink,Savings Bank,0.67,EUR,expense,,,,,
2024-01-13 09:35:12.683,Auto,transport,Cash,0.22,EUR,expense,,,,,
2024-01-12 09:34:00.000,RtA,transport,Savings Bank,0.39,EUR,expense,,,,,
2024-01-12 09:34:00.000,Burger AM,food_drink,Savings Bank,1.1,EUR,expense,,,,,
2024-01-12 09:33:00.000,Breakfast,food_drink,Savings Bank,0.33,EUR,expense,,,,,
2024-01-11 09:32:00.000,Aloo bhujia,food_drink,Savings Bank,0.11,EUR,expense,,,,,
2024-01-11 04:38:04.483,Adjust balance,balance_adjustment,Cash,10.96,MKD,income,,,,,
2024-01-11 04:36:59.560,Something,other,Cash,0.06,EUR,expense,,,,,
2024-01-11 04:36:32.558,Stonks,financial,Savings Bank,4.44,EUR,expense,,,,,
2024-01-11 03:53:59.551,Bus,transport,Cash,0.12,USD,expense,,,,,
2024-01-11 03:53:57.667,AtR,transport,Metro Card,23.97,MKD,expense,,,,,
2024-01-10 10:00:50.505,AtR,transport,Metro Card,0.39,EUR,expense,,,,,
2024-01-10 03:53:00.000,Auto,transport,Savings Bank,0.22,EUR,expense,,,,,
2024-01-09 14:55:44.452,person_c PayUp,peer_transfer,Savings Bank,2.41,USD,expense,,,,,
2024-01-09 12:14:56.340,Adjust balance,balance_adjustment,Savings Bank,0.56,EUR,expense,,,,,
2024-01-09 12:14:18.266,Adjust balance,balance_adjustment,Cash,0.22,EUR,expense,,,,,
2024-01-09 12:12:08.566,person_c PayUp,other_income,Savings Bank,2.22,EUR,income,,,,,
2024-01-09 12:11:43.743,RtA,transport,Savings Bank,0.39,EUR,expense,,,,,
2024-01-09 12:11:33.151,Recharge,transfer,Savings Bank,1.11,EUR,transfer,1.11,EUR,Metro Card,1.11,EUR
2024-01-09 03:50:35.826,Bus,transport,Cash,0.24,USD,expense,,,,,
2024-01-08 09:14:26.713,Payup,peer_transfer,Savings Bank,191.78,MKD,expense,,,,,
2024-01-08 09:13:22.434,Scholarship,other,Savings Bank,0.44,EUR,expense,,,,,
2024-01-07 10:06:54.505,Juice,food_drink,Cash,0.28,EUR,expense,,,,,
2024-01-07 09:14:00.000,Gala nyt,entertainment,Savings Bank,7.23,USD,expense,,,,,
2024-01-07 09:13:00.000,Parking,parking,Savings Bank,0.17,EUR,expense,,,,,
2024-01-07 09:12:00.000,Stationary,education,Savings Bank,0.8,EUR,expense,,,,,
2024-01-06 12:41:20.459,Auto,transport,Cash,0.22,EUR,expense,,,,,
2024-01-06 07:44:42.274,Bus,transport,Cash,0.11,EUR,expense,,,,,
2024-01-06 07:44:31.074,Auto,transport,Cash,13.7,MKD,expense,,,,,
2024-01-04 12:45:08.344,Snacks,food_drink,Savings Bank,0.72,USD,expense,,,,,
2024-01-04 03:49:57.713,Auto,transport,Cash,13.7,MKD,expense,,,,,
2024-01-02 12:57:39.490,Auto,transport,Cash,0.22,EUR,expense,,,,,
2024-01-02 12:57:29.414,Snacks,food_drink,Savings Bank,0.56,EUR,expense,,,,,
2024-01-02 03:58:55.807,Auto,transport,Savings Bank,0.24,USD,expense,,,,,
2024-01-02 03:58:47.813,Bus,transport,Cash,0.11,EUR,expense,,,,,
2024-01-01 05:09:11.934,Cake,food_drink,Savings Bank,3.33,EUR,expense,,,,,
2024-01-01 05:09:01.107,Party,entertainment,Savings Bank,3.89,EUR,expense,,,,,
2023-12-30 09:34:17.414,Breakfast,food_drink,Savings Bank,0.33,EUR,expense,,,,,
2023-12-29 14:53:02.460,person_i Payback,other_income,Savings Bank,0.33,EUR,income,,,,,
2023-12-29 14:52:52.822,Snacks,food_drink,Savings Bank,1.11,EUR,expense,,,,,
2023-12-29 14:52:34.978,Help,transfer,Cash,1.11,EUR,transfer,1.11,EUR,Savings Bank,1.11,EUR
2023-12-29 07:07:45.817,Bus,transport,Cash,0.11,EUR,expense,,,,,
2023-12-29 07:07:44.907,Auto,transport,Cash,0.22,EUR,expense,,,,,
2023-12-28 14:03:08.412,Salary,salary,Savings Bank,37.71,USD,income,,,,,
2023-12-28 04:47:55.708,Breakfast,food_drink,Savings Bank,0.33,EUR,expense,,,,,
2023-12-27 12:44:25.147,Auto,transport,Savings Bank,0.22,EUR,expense,,,,,
2023-12-27 12:44:18.344,Auto,transport,Cash,0.24,USD,expense,,,,,
2023-12-27 03:22:15.547,Stationary,education,Savings Bank,0.39,EUR,expense,,,,,
2023-12-27 03:22:05.053,Bus,transport,Cash,0.12,USD,expense,,,,,
2023-12-26 13:24:32.510,Snacks,food_drink,Savings Bank,0.33,EUR,expense,,,,,
2023-12-26 08:47:33.752,Lunch,food_drink,Savings Bank,0.78,EUR,expense,,,,,
2023-12-26 04:53:01.660,Adjust balance,balance_adjustment,Cash,0.5,EUR,expense,,,,,
2023-12-26 03:34:28.984,Breakfast,food_drink,Savings Bank,0.39,EUR,expense,,,,,
2023-12-25 14:00:56.062,Bread,groceries,Savings Bank,47.95,MKD,expense,,,,,
2023-12-25 09:03:22.892,Lunch,food_drink,Savings Bank,2.65,USD,expense,,,,,
2023-12-25 06:48:47.727,Tea,food_drink,Savings Bank,0.22,EUR,expense,,,,,
2023-12-25 06:48:41.761,Water,food_drink,Savings Bank,0.22,EUR,expense,,,,,
2023-12-25 06:48:34.150,Breakfast,food_drink,Savings Bank,0.67,EUR,expense,,,,,
2023-12-25 06:48:28.156,Breakfast,food_drink,Savings Bank,0.44,EUR,expense,,,,,
2023-12-25 02:59:00.000,Chicken keema,food_drink,Savings Bank,2.08,EUR,expense,,,,,
2023-12-25 02:59:00.000,Interest,interest,Savings Bank,0.33,EUR,income,,,,,
2023-12-24 06:49:00.000,Breakfast,food_drink,Savings Bank,0.33,EUR,expense,,,,,
2023-12-24 06:46:00.000,Coffee,food_drink,Savings Bank,2.74,MKD,expense,,,,,
2023-12-24 06:46:00.000,Coffee,food_drink,Cash,6.85,MKD,expense,,,,,
2023-12-23 14:02:51.092,Recharge,utilities,Savings Bank,2.88,EUR,expense,,,,,
2023-12-22 09:34:46.558,Snacks,food_drink,Savings Bank,0.72,USD,expense,,,,,
2023-12-22 07:41:28.912,Payup,other_income,Cash,2.22,EUR,income,,,,,
2023-12-22 07:41:18.956,Payup,other_income,Savings Bank,7.78,EUR,income,,,,,
2023-12-22 06:59:55.062,Auto,transport,Savings Bank,13.7,MKD,expense,,,,,
2023-12-22 03:30:00.000,Ticket refund,refund,Savings Bank,116.82,MKD,income,,,,,
2023-12-22 03:28:00.000,Juice,food_drink,Savings Bank,1.57,USD,expense,,,,,
2023-12-22 03:28:00.000,Payup,other_income,Savings Bank,0.44,EUR,income,,,,,
2023-12-22 03:27:00.000,Pizza,food_drink,Savings Bank,1.89,EUR,expense,,,,,
2023-12-21 08:51:40.915,Tickets,entertainment,Savings Bank,4.53,USD,expense,,,,,
2023-12-21 07:46:46.462,Gift 🎁,gifts,Savings Bank,17.22,EUR,expense,,,,,
2023-12-21 04:47:33.906,Stonks Return,investment_income,Savings Bank,0.93,EUR,income,,,,,
2023-12-20 15:19:36.021,Shawarma 🌯,food_drink,Savings Bank,3.67,EUR,expense,,,,,
2023-12-20 13:21:25.697,Snacks,food_drink,Savings Bank,0.61,EUR,expense,,,,,
2023-12-20 12:55:23.182,Recharge,utilities,Savings Bank,176.64,MKD,expense,,,,,
2023-12-20 12:52:20.771,Bus,transport,Cash,0.11,EUR,expense,,,,,
2023-12-20 07:12:40.662,Auto,transport,Cash,0.22,EUR,expense,,,,,
2023-12-20 07:12:37.700,Snacks,food_drink,Savings Bank,0.39,EUR,expense,,,,,
2023-12-19 06:42:52.173,Cashback,rewards,Savings Bank,0.03,EUR,income,,,,,
2023-12-18 14:20:33.375,Adjust balance,balance_adjustment,Cash,205.48,MKD,income,,,,,
2023-12-18 13:54:15.211,Adjust balance,balance_adjustment,Savings Bank,0.02,EUR,income,,,,,
2023-12-18 13:53:46.737,Weekend,other,Savings Bank,3.22,EUR,expense,,,,,
2023-12-16 13:51:00.000,Card maintenance,utilities,Savings Bank,3.28,EUR,expense,,,,,
2023-12-16 13:50:00.000,Bus Pass,transport,Savings Bank,4.78,EUR,expense,,,,,
2023-12-16 06:15:44.787,Auto,transport,Savings Bank,0.22,EUR,expense,,,,,
2023-12-15 17:39:48.434,person_i Payback,other_income,Cash,0.33,EUR,income,,,,,
2023-12-15 17:39:38.159,person_c PayUp,other_income,Savings Bank,0.44,EUR,income,,,,,
2023-12-15 17:37:53.345,Juice,food_drink,Savings Bank,27.4,MKD,expense,,,,,
2023-12-15 17:37:39.927,Snacks,food_drink,Savings Bank,71.92,MKD,expense,,,,,
2023-12-15 05:26:55.111,Auto,transport,Cash,0.22,EUR,expense,,,,,
2023-12-15 05:26:48.237,Snacks,food_drink,Cash,0.78,EUR,expense,,,,,
2023-12-14 04:56:43.264,Snacks,food_drink,Savings Bank,0.33,EUR,expense,,,,,
2023-12-13 17:49:54.294,Biryani,food_drink,Savings Bank,6.27,USD,expense,,,,,
2023-12-13 14:46:42.668,Bus,transport,Cash,0.11,EUR,expense,,,,,
2023-12-13 14:46:33.503,Bus,transport,Cash,0.11,EUR,expense,,,,,
2023-12-13 14:46:31.913,Auto,transport,Cash,13.7,MKD,expense,,,,,
2023-12-12 17:10:27.370,Auto,transport,Cash,13.7,MKD,expense,,,,,
2023-12-12 02:48:36.894,Bus,transport,Cash,0.11,EUR,expense,,,,,
2023-12-11 13:49:22.709,Adjust balance,balance_adjustment,Savings Bank,0.02,EUR,expense,,,,,
2023-12-11 13:45:25.240,Snacks,food_drink,Savings Bank,0.33,EUR,expense,,,,,
2023-12-11 03:22:38.688,Auto,transport,Savings Bank,0.24,USD,expense,,,,,
2023-12-10 03:22:00.000,Bonda,food_drink,Savings Bank,0.33,EUR,expense,,,,,
2023-12-09 16:11:36.601,Snacks,food_drink,Savings Bank,1.57,USD,expense,,,,,
2023-12-09 16:10:41.947,Gpay,other_income,Savings Bank,0.28,EUR,income,,,,,
2023-12-09 03:23:28.486,Auto,transport,Cash,0.22,EUR,expense,,,,,
2023-12-08 13:33:46.243,Snacks,food_drink,Savings Bank,0.78,EUR,expense,,,,,
2023-12-08 13:00:35.749,Adjust balance,balance_adjustment,Savings Bank,0.06,EUR,expense,,,,,
2023-12-08 12:59:59.163,Printouts,education,Savings Bank,0.11,EUR,expense,,,,,
2023-12-08 12:59:45.192,Coke,food_drink,Savings Bank,0.17,EUR,expense,,,,,
2023-12-08 12:55:08.212,Adjust balance,balance_adjustment,Cash,1.06,EUR,income,,,,,
2023-12-07 12:59:00.000,Auto,transport,Savings Bank,0.22,EUR,expense,,,,,
2023-12-07 12:55:00.000,Withdraw,other,Savings Bank,5.56,EUR,expense,,,,,
2023-12-07 11:20:00.000,Auto,transport,Cash,0.22,EUR,expense,,,,,
2023-12-07 02:58:24.512,Adjust balance,balance_adjustment,Cash,13.7,MKD,expense,,,,,
2023-12-07 02:57:58.498,Bus,transport,Cash,0.11,EUR,expense,,,,,
2023-12-06 18:08:07.880,Bus,transport,Cash,6.85,MKD,expense,,,,,
2023-12-06 18:07:55.126,Help,transfer,Savings Bank,82.19,MKD,transfer,82.19,MKD,Cash,82.19,MKD
2023-12-06 12:57:00.000,Auto,transport,Savings Bank,0.22,EUR,expense,,,,,
2023-12-06 03:53:19.450,Adjust balance,balance_adjustment,Cash,0.89,EUR,income,,,,,
2023-12-06 03:53:13.035,Auto,transport,Cash,0.22,EUR,expense,,,,,
2023-12-06 03:53:07.487,Bus,transport,Cash,0.11,EUR,expense,,,,,
2023-12-05 01:49:00.000,Bus,transport,Cash,0.11,EUR,expense,,,,,
2023-12-05 01:49:00.000,Auto,transport,Cash,0.22,EUR,expense,,,,,
2023-12-04 16:39:13.662,Snacks,food_drink,Savings Bank,0.83,EUR,expense,,,,,
2023-12-04 16:36:59.062,Jalebi,food_drink,Savings Bank,0.56,EUR,expense,,,,,
2023-12-04 16:36:41.801,Bus,transport,Cash,0.11,EUR,expense,,,,,
2023-12-04 16:36:34.724,Auto,transport,Savings Bank,0.22,EUR,expense,,,,,
2023-12-02 14:46:32.344,Bus,transport,Cash,0.11,EUR,expense,,,,,
2023-12-02 14:46:23.183,RtA,transport,Metro Card,0.39,EUR,expense,,,,,
2023-12-01 14:07:24.158,Bus,transport,Cash,0.22,EUR,expense,,,,,
2023-12-01 12:47:08.500,Adjust balance,balance_adjustment,Cash,0.11,EUR,expense,,,,,
2023-12-01 07:51:12.093,person_b,other_income,Savings Bank,2.44,EUR,income,,,,,
2023-12-01 06:52:48.720,AtrR,transport,Metro Card,0.39,EUR,expense,,,,,
2023-11-29 15:34:00.000,RtA,transport,Metro Card,0.39,EUR,expense,,,,,
2023-11-29 15:33:00.000,AtrR,transport,Metro Card,0.39,EUR,expense,,,,,
2023-11-29 15:33:00.000,Bus,transport,Cash,0.22,EUR,expense,,,,,
2023-11-29 14:45:01.328,Biryani 🍚,food_drink,Savings Bank,6.27,USD,expense,,,,,
2023-11-29 14:44:19.650,Shawarma 🌯,food_drink,Savings Bank,1.69,USD,expense,,,,,
2023-11-29 10:53:26.997,Lunch payup,peer_transfer,Savings Bank,6.13,EUR,expense,,,,,
2023-11-29 08:14:04.299,family_member_a,peer_transfer,Savings Bank,111.11,EUR,expense,,,,,
2023-11-29 08:10:05.768,Salary,salary,Savings Bank,247.59,EUR,income,,,,,
2023-11-29 02:30:53.478,person_b,peer_transfer,Savings Bank,0.22,EUR,expense,,,,,
2023-11-28 11:29:44.156,Auto,transport,Cash,0.22,EUR,expense,,,,,
2023-11-28 02:32:00.000,Juice,food_drink,Savings Bank,13.7,MKD,expense,,,,,
2023-11-27 00:34:00.000,AtrR,transport,Metro Card,0.39,EUR,expense,,,,,
2023-11-26 23:34:00.000,Bus,transport,Cash,0.11,EUR,expense,,,,,
2023-11-26 13:25:51.138,Snacks,food_drink,Savings Bank,0.33,EUR,expense,,,,,
2023-11-26 12:30:43.567,Shampoo,personal_care,Savings Bank,0.04,EUR,expense,,,,,
2023-11-25 17:27:08.559,Auto,transport,Cash,0.22,EUR,expense,,,,,
2023-11-25 14:28:37.182,Adjust balance,balance_adjustment,Savings Bank,0.21,EUR,expense,,,,,
2023-11-25 14:23:29.453,Exam fees,education,Savings Bank,9.64,USD,expense,,,,,
2023-11-24 17:55:52.227,Snacks,food_drink,Savings Bank,0.39,EUR,expense,,,,,
2023-11-23 17:55:00.000,Bus,transport,Cash,0.11,EUR,expense,,,,,
2023-11-23 17:54:00.000,AtrR,transport,Metro Card,0.39,EUR,expense,,,,,
2023-11-23 14:27:00.000,Something,other,Savings Bank,0.56,EUR,expense,,,,,
2023-11-22 03:02:47.117,Recharge,transfer,Savings Bank,2.22,EUR,transfer,2.22,EUR,Metro Card,2.22,EUR
2023-11-22 01:48:00.000,AtrR,transport,Metro Card,0.39,EUR,expense,,,,,
2023-11-22 01:48:00.000,Bus,transport,Cash,0.11,EUR,expense,,,,,
2023-11-21 14:27:00.000,Curd,food_drink,Savings Bank,0.51,EUR,expense,,,,,
2023-11-21 14:26:00.000,Snacks,food_drink,Savings Bank,0.33,EUR,expense,,,,,
2023-11-21 12:38:04.697,Bus,transport,Cash,0.11,EUR,expense,,,,,
2023-11-21 06:57:29.028,person_b pass,peer_transfer,Savings Bank,2.22,EUR,expense,,,,,
2023-11-21 05:04:04.458,AtrR,transport,Metro Card,0.39,EUR,expense,,,,,
2023-11-21 03:14:37.522,Recharge,utilities,Savings Bank,2.88,EUR,expense,,,,,
2023-11-20 13:09:53.839,Bus,transport,Cash,0.11,EUR,expense,,,,,
2023-11-20 08:38:31.969,family_member_b,peer_transfer,Cash,0.56,EUR,expense,,,,,
2023-11-20 04:16:05.047,AtR,transport,Metro Card,23.97,MKD,expense,,,,,
2023-11-19 14:35:21.100,Adjust balance,balance_adjustment,Cash,0.22,EUR,income,,,,,
2023-11-18 14:33:00.000,Bus pass,transport,Savings Bank,294.52,MKD,expense,,,,,
2023-11-18 03:45:47.429,Auto,transport,Cash,0.22,EUR,expense,,,,,
2023-11-18 02:56:01.771,Bus,transport,Cash,6.85,MKD,expense,,,,,
2023-11-17 15:49:26.245,Withdraw,transfer,Savings Bank,2.22,EUR,transfer,2.22,EUR,Cash,2.22,EUR
2023-11-17 15:45:38.543,Saman,other,Savings Bank,1.84,USD,expense,,,,,
2023-11-17 13:24:05.567,Bus,transport,Cash,0.11,EUR,expense,,,,,
2023-11-17 07:24:46.817,AtR,transport,Metro Card,0.39,EUR,expense,,,,,
2023-11-16 13:15:37.979,RtA,transport,Metro Card,0.42,USD,expense,,,,,
2023-11-16 13:13:59.113,Bus,transport,Cash,0.11,EUR,expense,,,,,
2023-11-16 13:13:48.761,Adjust balance,balance_adjustment,Cash,0.22,EUR,expense,,,,,
2023-11-16 12:26:08.443,AtR,transport,Metro Card,0.39,EUR,expense,,,,,
2023-11-16 03:38:46.224,Recharge,transfer,Savings Bank,2.22,EUR,transfer,2.22,EUR,Metro Card,2.22,EUR
2023-11-15 04:43:29.264,AtR,transport,Savings Bank,0.39,EUR,expense,,,,,
2023-11-14 04:46:33.165,Adjust balance,balance_adjustment,Savings Bank,0.15,EUR,income,,,,,
2023-11-14 04:40:40.406,Auto,transport,Cash,0.22,EUR,expense,,,,,
2023-11-14 02:49:41.199,family_member_b,peer_transfer,Cash,0.22,EUR,expense,,,,,
2023-11-13 02:50:00.000,Print,education,Savings Bank,68.49,MKD,expense,,,,,
2023-11-13 02:50:00.000,AtR,transport,Savings Bank,0.39,EUR,expense,,,,,
2023-11-12 14:21:28.134,Snacks,food_drink,Savings Bank,0.78,EUR,expense,,,,,
2023-11-12 13:43:47.628,Clothes,shopping,Savings Bank,11.67,EUR,expense,,,,,
2023-11-12 13:43:30.296,Clothes,shopping,Savings Bank,17.86,EUR,expense,,,,,
2023-11-11 09:44:13.882,Snacks,food_drink,Savings Bank,1.17,EUR,expense,,,,,
2023-11-11 04:41:00.000,Snacks,food_drink,Savings Bank,1.56,EUR,expense,,,,,
2023-11-11 03:45:36.925,Bus,transport,Cash,6.85,MKD,expense,,,,,
2023-11-11 03:45:29.506,Auto,transport,Cash,0.22,EUR,expense,,,,,
2023-11-10 14:37:48.383,Haircut,personal_care,Savings Bank,1.67,EUR,expense,,,,,
2023-11-10 12:39:38.851,Bus,transport,Cash,0.11,EUR,expense,,,,,
2023-11-10 12:39:27.438,RtA,transport,Metro Card,0.42,USD,expense,,,,,
2023-11-10 12:39:11.482,AtR,transport,Metro Card,23.97,MKD,expense,,,,,
2023-11-09 04:35:00.000,AtR,transport,Metro Card,0.39,EUR,expense,,,,,
2023-11-09 04:35:00.000,RtA,transport,Metro Card,23.97,MKD,expense,,,,,
2023-11-09 04:35:00.000,Bus,transport,Cash,0.11,EUR,expense,,,,,
2023-11-08 14:46:33.699,RtA,transport,Metro Card,0.39,EUR,expense,,,,,
2023-11-08 14:46:25.456,AtR,transport,Metro Card,0.39,EUR,expense,,,,,
2023-11-08 14:46:12.011,DishTV,utilities,Savings Bank,2.44,EUR,expense,,,,,
2023-11-08 04:43:00.000,Juice,food_drink,Savings Bank,0.11,EUR,expense,,,,,
2023-11-08 04:36:02.143,Recharge,transfer,Savings Bank,2.22,EUR,transfer,2.22,EUR,Metro Card,2.22,EUR
2023-11-07 12:41:00.000,RtA,transport,Metro Card,0.39,EUR,expense,,,,,
2023-11-07 10:42:39.245,Electricity,utilities,Savings Bank,8.6,EUR,expense,,,,,
2023-11-07 04:31:45.580,AtR,transport,Metro Card,23.97,MKD,expense,,,,,
2023-11-07 04:31:33.413,Rapido,transport,Savings Bank,0.49,EUR,expense,,,,,
2023-11-06 05:23:14.984,AtR,transport,Metro Card,0.39,EUR,expense,,,,,
2023-11-05 13:43:25.042,Maida,groceries,Savings Bank,17.12,MKD,expense,,,,,
2023-11-05 04:44:00.000,Adjust,balance_adjustment,Savings Bank,0.33,EUR,expense,,,,,
2023-11-04 13:39:41.767,person_c,peer_transfer,Savings Bank,1.56,EUR,expense,,,,,
2023-11-04 05:26:44.731,Printouts,education,Savings Bank,4.28,EUR,expense,,,,,
2023-11-04 04:45:00.000,Treat,food_drink,Savings Bank,7.22,EUR,expense,,,,,
2023-11-03 05:08:00.000,person_b,other_income,Savings Bank,26.67,EUR,income,,,,,
2023-11-03 05:08:00.000,Seminar print,education,Savings Bank,1.16,EUR,expense,,,,,
2023-11-03 05:06:00.000,AtR,transport,Metro Card,0.39,EUR,expense,,,,,
2023-11-02 12:43:39.434,Amazon,shopping,Savings Bank,21.1,EUR,expense,,,,,
2023-11-02 05:06:00.000,AtR,transport,Metro Card,0.39,EUR,expense,,,,,
2023-11-01 18:10:55.602,Grocery,groceries,Savings Bank,25.79,EUR,expense,,,,,
2023-11-01 16:20:37.828,Biryani,food_drink,Savings Bank,5.78,EUR,expense,,,,,
2023-11-01 12:21:50.928,Recharge,transfer,Savings Bank,2.41,USD,transfer,2.41,USD,Metro Card,2.41,USD
2023-11-01 12:21:35.753,AtR,transport,Metro Card,0.39,EUR,expense,,,,,
2023-11-01 12:21:26.593,Bus,transport,Cash,0.11,EUR,expense,,,,,
2023-11-01 12:21:20.752,Bus,transport,Cash,0.11,EUR,expense,,,,,
2023-11-01 02:30:08.193,Shampoo,personal_care,Savings Bank,2.74,MKD,expense,,,,,
2023-10-31 16:31:38.103,Salary,salary,Savings Bank,7556.85,MKD,income,,,,,
2023-10-31 13:52:07.768,Bus,transport,Cash,0.11,EUR,expense,,,,,
2023-10-31 12:04:29.967,AtR,transport,Metro Card,0.39,EUR,expense,,,,,
2023-10-30 12:21:01.699,Bus,transport,Cash,0.22,EUR,expense,,,,,
2023-10-30 04:38:50.763,Bus,transport,Cash,13.7,MKD,expense,,,,,
2023-10-28 05:11:50.025,Snacks,food_drink,Savings Bank,0.33,EUR,expense,,,,,
2023-10-27 13:39:24.498,AtR,transport,Metro Card,0.39,EUR,expense,,,,,
2023-10-27 13:39:13.463,Bus,transport,Cash,0.11,EUR,expense,,,,,
2023-10-27 04:03:33.948,Recharge,transfer,Savings Bank,1.11,EUR,transfer,1.11,EUR,Metro Card,1.11,EUR
2023-10-26 12:16:39.077,AtR,transport,Metro Card,23.97,MKD,expense,,,,,
2023-10-26 12:16:26.990,Bus,transport,Cash,0.11,EUR,expense,,,,,
2023-10-26 07:21:17.388,person_b,peer_transfer,Savings Bank,2.41,USD,expense,,,,,
2023-10-26 03:19:00.000,Bus,transport,Cash,6.85,MKD,expense,,,,,
2023-10-25 18:09:16.546,Adjust balance,balance_adjustment,Metro Card,0.39,EUR,expense,,,,,
2023-10-25 18:08:06.992,Adjust balance,balance_adjustment,Cash,0.49,EUR,expense,,,,,
2023-10-25 18:06:00.940,person_h Payup,peer_transfer,Savings Bank,0.67,EUR,expense,,,,,
2023-10-25 18:05:16.186,Recharge,utilities,Savings Bank,5.23,EUR,expense,,,,,
2023-10-25 18:04:46.422,family_member_a,family_support,Savings Bank,6.67,EUR,income,,,,,
2023-10-24 18:04:00.000,Biryani 🍚,food_drink,Savings Bank,243.84,MKD,expense,,,,,
2023-10-24 18:03:00.000,family_member_b,family_support,Savings Bank,2.41,USD,income,,,,,
2023-10-24 18:02:00.000,Egg Roll 🌯,food_drink,Savings Bank,1.56,EUR,expense,,,,,
2023-10-24 18:01:00.000,Bus Pass 💳,transport,Savings Bank,4.89,EUR,expense,,,,,
2023-10-24 18:00:00.000,Adjust,balance_adjustment,Savings Bank,0.44,EUR,expense,,,,,
2023-10-23 17:57:00.000,Rapido 🚲,transport,Savings Bank,0.82,EUR,expense,,,,,
2023-10-23 17:47:00.000,Adjust,balance_adjustment,Savings Bank,0.11,EUR,expense,,,,,
2023-10-22 17:45:00.000,Egg roll 🌯,food_drink,Savings Bank,1.93,USD,expense,,,,,
2023-10-22 16:39:00.000,person_h Paid,other_income,Savings Bank,0.72,USD,income,,,,,
2023-10-22 16:38:00.000,Recharge,utilities,Savings Bank,177.4,MKD,expense,,,,,
2023-10-22 12:42:40.411,Bus,transport,Cash,0.33,EUR,expense,,,,,
2023-10-22 12:42:27.696,Bus,transport,Cash,0.22,EUR,expense,,,,,
2023-10-22 10:45:00.000,Snacks,food_drink,Savings Bank,0.33,EUR,expense,,,,,
2023-10-22 02:54:45.615,family_member_b,peer_transfer,Cash,34.25,MKD,expense,,,,,
2023-10-21 16:02:43.591,Juice,food_drink,Cash,0.33,EUR,expense,,,,,
2023-10-21 03:07:10.139,Auto,transport,Cash,0.22,EUR,expense,,,,,
2023-10-20 03:55:42.633,Bus,transport,Cash,20.55,MKD,expense,,,,,
2023-10-20 03:10:00.000,PtA,transport,Metro Card,0.11,EUR,expense,,,,,
2023-10-20 03:09:00.000,HtP,transport,Metro Card,0.39,EUR,expense,,,,,
2023-10-20 03:07:00.000,AtR,transport,Metro Card,23.97,MKD,expense,,,,,
2023-10-20 03:00:00.000,Bus,transport,Cash,0.33,EUR,expense,,,,,
2023-10-19 12:12:05.334,RtA,transport,Metro Card,0.5,EUR,expense,,,,,
2023-10-19 09:44:54.023,AtR,transport,Metro Card,0.39,EUR,expense,,,,,
2023-10-18 13:59:19.658,Recharge,transfer,Savings Bank,0.6,USD,transfer,0.6,USD,Metro Card,0.6,USD
2023-10-18 13:57:27.120,Snacks,food_drink,Cash,20.55,MKD,expense,,,,,
2023-10-18 13:56:49.505,Withdraw,transfer,Savings Bank,5.56,EUR,transfer,5.56,EUR,Cash,5.56,EUR
2023-10-18 13:56:15.773,Bus,transport,Cash,6.85,MKD,expense,,,,,
2023-10-18 11:47:13.193,AtR,transport,Metro Card,0.39,EUR,expense,,,,,
2023-10-18 03:46:36.511,Adjust balance,balance_adjustment,Savings Bank,0.22,EUR,income,,,,,
2023-10-18 03:45:43.457,Recharge,transfer,Savings Bank,2.22,EUR,transfer,2.22,EUR,Metro Card,2.22,EUR
2023-10-17 14:06:51.024,Stonks,financial,Savings Bank,1.23,EUR,expense,,,,,
2023-10-17 14:05:51.717,Bus,transport,Cash,0.11,EUR,expense,,,,,
2023-10-17 14:05:45.338,Bus,transport,Cash,0.11,EUR,expense,,,,,
2023-10-17 14:05:28.329,Metro,transport,Savings Bank,0.39,EUR,expense,,,,,
2023-10-17 14:05:15.571,person_b,peer_transfer,Savings Bank,684.93,MKD,expense,,,,,
2023-10-17 14:05:09.168,family_member_a,peer_transfer,Savings Bank,22.22,EUR,expense,,,,,
2023-10-16 02:31:46.122,Capt. Payment,other_income,Savings Bank,55.56,EUR,income,,,,,
2023-10-15 03:06:47.570,Adjust balance,balance_adjustment,Savings Bank,0.39,EUR,expense,,,,,
2023-10-15 03:05:27.517,Adjust balance,balance_adjustment,Cash,0.1,USD,income,,,,,
2023-10-06 07:54:37.276,Auto,transport,Cash,0.22,EUR,expense,,,,,
2023-10-06 02:28:00.000,Auto,transport,Cash,0.22,EUR,expense,,,,,
2023-10-05 11:18:59.944,Auto,transport,Cash,13.7,MKD,expense,,,,,
2023-10-05 02:36:50.722,family_member_a,family_support,Cash,1,EUR,income,,,,,
2023-10-03 12:59:56.996,Auto,transport,Cash,0.22,EUR,expense,,,,,
2023-10-03 02:48:42.707,Bus,transport,Cash,6.85,MKD,expense,,,,,
2023-09-30 09:59:33.963,family_member_a,peer_transfer,Savings Bank,5.56,EUR,expense,,,,,
2023-09-30 05:06:46.756,Snacks,food_drink,Savings Bank,0.61,EUR,expense,,,,,
2023-09-29 17:31:00.000,Auto+Bus,transport,Cash,0.33,EUR,expense,,,,,
2023-09-28 17:35:00.000,family_member_a,peer_transfer,Savings Bank,6.02,USD,expense,,,,,
2023-09-28 13:48:55.602,Snacks,food_drink,Savings Bank,0.78,EUR,expense,,,,,
2023-09-28 11:01:06.138,Adjust balance,balance_adjustment,Cash,0.04,EUR,expense,,,,,
2023-09-28 10:30:25.262,family_member_a,peer_transfer,Savings Bank,11.11,EUR,expense,,,,,
2023-09-28 06:34:26.839,person_b,peer_transfer,Cash,0.22,EUR,expense,,,,,
2023-09-27 06:34:00.000,Auto,transport,Cash,0.22,EUR,expense,,,,,
2023-09-27 03:14:57.910,person_c,peer_transfer,Savings Bank,0.44,EUR,expense,,,,,
2023-09-25 17:39:00.000,Interest,interest,Savings Bank,0.03,EUR,income,,,,,
2023-09-25 14:21:44.027,Snacks,food_drink,Savings Bank,0.28,EUR,expense,,,,,
2023-09-25 14:21:22.409,Jalebi,food_drink,Savings Bank,0.22,EUR,expense,,,,,
2023-09-25 14:21:05.606,Auto,transport,Savings Bank,0.22,EUR,expense,,,,,
2023-09-25 14:20:59.632,Bus,transport,Cash,0.11,EUR,expense,,,,,
2023-09-23 17:41:00.000,Recharge,utilities,Savings Bank,177.4,MKD,expense,,,,,
2023-09-23 07:47:07.440,Adjust balance,balance_adjustment,Savings Bank,0.22,EUR,expense,,,,,
2023-09-23 07:46:26.771,Adjust balance,balance_adjustment,Cash,0.44,EUR,expense,,,,,
2023-09-23 07:45:21.172,Auto,transport,Cash,0.22,EUR,expense,,,,,
2023-09-23 07:45:13.516,Bus,transport,Cash,0.11,EUR,expense,,,,,
2023-09-23 07:23:40.225,person_b,peer_transfer,Savings Bank,0.56,EUR,expense,,,,,
2023-09-22 08:11:20.220,Auto,transport,Cash,0.22,EUR,expense,,,,,
2023-09-21 14:31:56.001,Advance,other_income,Savings Bank,2055.48,MKD,income,,,,,
2023-09-20 09:44:37.871,Auto,transport,Cash,13.7,MKD,expense,,,,,
2023-09-19 03:48:45.758,Prints,education,Savings Bank,0.06,EUR,expense,,,,,
2023-09-19 03:48:37.082,Auto,transport,Cash,0.22,EUR,expense,,,,,
2023-09-19 03:48:30.961,Bus,transport,Cash,0.11,EUR,expense,,,,,
2023-09-18 13:48:03.901,Parking,parking,Cash,0.28,EUR,expense,,,,,
2023-09-16 07:43:22.684,Snacks,food_drink,Savings Bank,20.55,MKD,expense,,,,,
2023-09-15 07:42:00.000,Pastry,food_drink,Cash,1.11,EUR,expense,,,,,
2023-09-15 07:28:22.793,Transport,transport,Cash,0.5,EUR,expense,,,,,
2023-09-15 07:28:00.752,Bus incident,transfer,Savings Bank,0.24,USD,transfer,0.24,USD,Cash,0.24,USD
2023-09-15 07:06:00.000,Snacks,other_income,Savings Bank,0.33,EUR,income,,,,,
2023-09-15 07:06:00.000,Drink,food_drink,Savings Bank,0.11,EUR,expense,,,,,
2023-09-15 07:05:00.000,Snacks,food_drink,Savings Bank,0.67,EUR,expense,,,,,
2023-09-14 14:59:36.598,Adjust balance,balance_adjustment,Cash,6.85,MKD,expense,,,,,
2023-09-14 14:58:22.536,Adjust balance,balance_adjustment,Savings Bank,0.33,EUR,expense,,,,,
2023-09-14 14:55:20.289,Snacks,food_drink,Savings Bank,0.33,EUR,expense,,,,,
2023-09-14 03:08:50.790,person_c,peer_transfer,Savings Bank,0.67,USD,expense,,,,,
2023-09-14 03:08:38.780,Bus,transport,Cash,6.85,MKD,expense,,,,,
2023-09-13 03:09:00.000,Auto,transport,Cash,0.22,EUR,expense,,,,,
2023-09-11 19:11:00.000,Auto,transport,Cash,0.22,EUR,expense,,,,,
2023-09-11 04:50:42.916,Bus,transport,Cash,0.11,EUR,expense,,,,,
2023-09-11 04:50:30.609,Auto,transport,Cash,0.22,EUR,expense,,,,,
2023-09-10 04:50:00.000,Snacks,food_drink,Savings Bank,1.56,EUR,expense,,,,,
2023-09-09 11:42:29.034,Auto,transport,Cash,0.22,EUR,expense,,,,,
2023-09-08 12:21:51.428,Withdraw,transfer,Savings Bank,5.56,EUR,transfer,5.56,EUR,Cash,5.56,EUR
2023-09-08 09:44:49.580,Auto,transport,Cash,13.7,MKD,expense,,,,,
2023-09-08 03:30:38.336,Bus,transport,Cash,0.11,EUR,expense,,,,,
2023-09-07 16:10:20.510,Snacks,food_drink,Cash,0.33,EUR,expense,,,,,
2023-09-06 02:53:31.674,Bus,transport,Cash,0.11,EUR,expense,,,,,
2023-09-06 02:53:22.262,Adjust balance,balance_adjustment,Cash,0.22,EUR,expense,,,,,
2023-09-06 02:53:13.885,Adjust balance,balance_adjustment,Savings Bank,11.56,EUR,income,,,,,
2023-08-23 03:22:20.429,Bus,transport,Cash,6.85,MKD,expense,,,,,
2023-08-22 03:55:32.936,Auto,transport,Cash,0.22,EUR,expense,,,,,
2023-08-21 12:24:39.732,Pass,other,Cash,4.78,EUR,expense,,,,,
2023-08-21 11:59:41.003,Auto,transport,Cash,0.22,EUR,expense,,,,,
2023-08-21 11:59:31.716,Bus,transport,Cash,0.33,EUR,expense,,,,,
2023-08-21 11:59:25.029,Auto,transport,Cash,0.22,EUR,expense,,,,,
2023-08-21 11:59:18.751,Add,balance_adjustment,Cash,0.56,EUR,income,,,,,
2023-08-18 12:21:05.023,person_b,peer_transfer,Cash,0.11,EUR,expense,,,,,
2023-08-18 03:45:15.170,Auto,transport,Cash,0.22,EUR,expense,,,,,
2023-08-18 03:00:38.253,Pocket Money,family_support,Cash,6.67,EUR,income,,,,,
2023-08-18 03:00:24.246,Bus,transport,Cash,0.11,EUR,expense,,,,,
2023-08-17 06:27:50.681,Auto,transport,Cash,0.22,EUR,expense,,,,,
2023-08-17 03:01:00.000,Stickers,shopping,Savings Bank,13.7,MKD,expense,,,,,
2023-08-16 17:23:31.644,Stationary,education,Savings Bank,0.56,EUR,expense,,,,,
2023-08-16 17:22:57.562,Juice,food_drink,Savings Bank,0.44,EUR,expense,,,,,
2023-08-16 17:22:40.831,person_i payback,other_income,Savings Bank,0.56,EUR,income,,,,,
2023-08-16 17:21:56.218,Samosa,food_drink,Savings Bank,0.67,EUR,expense,,,,,
2023-08-16 03:56:23.102,Auto,transport,Cash,0.22,EUR,expense,,,,,
2023-08-16 01:30:57.325,Auto,transport,Cash,13.7,MKD,expense,,,,,
2023-08-16 01:30:53.217,Auto,transport,Cash,0.24,USD,expense,,,,,
2023-08-15 01:31:00.000,Bus,transport,Cash,6.85,MKD,expense,,,,,
2023-08-14 11:41:09.051,Bus,transport,Cash,0.12,USD,expense,,,,,
2023-08-14 11:41:00.721,Juice,food_drink,Savings Bank,0.17,EUR,expense,,,,,
2023-08-14 11:40:29.655,Auto,transport,Cash,0.22,EUR,expense,,,,,
2023-08-12 03:04:16.418,Bus,transport,Cash,6.85,MKD,expense,,,,,
2023-08-11 02:23:00.000,Auto,transport,Cash,13.7,MKD,expense,,,,,
2023-08-10 01:00:00.000,Auto,transport,Cash,0.22,EUR,expense,,,,,
2023-08-09 10:11:01.692,Auto,transport,Cash,0.22,EUR,expense,,,,,
2023-08-08 13:26:28.313,Snacks,food_drink,Savings Bank,0.33,EUR,expense,,,,,
2023-08-08 03:45:00.000,Auto,transport,Cash,0.24,USD,expense,,,,,
2023-08-07 13:27:00.000,Bus,transport,Cash,0.11,EUR,expense,,,,,
2023-08-05 07:31:26.364,Auto,transport,Savings Bank,0.22,EUR,expense,,,,,
2023-08-05 07:31:12.973,Auto,transport,Cash,0.44,EUR,expense,,,,,
2023-08-04 18:25:31.566,Snacks,food_drink,Savings Bank,0.22,EUR,expense,,,,,
2023-08-04 13:58:29.716,Bus,transport,Cash,0.11,EUR,expense,,,,,
2023-08-02 07:21:44.095,Computer stuff,shopping,Savings Bank,5.22,EUR,expense,,,,,
2023-07-31 11:50:01.801,person_i,other,Savings Bank,0.12,USD,expense,,,,,
2023-07-31 07:19:06.638,Auto,transport,Cash,0.24,USD,expense,,,,,
2023-07-31 03:03:09.712,Bus,transport,Cash,0.11,EUR,expense,,,,,
2023-07-29 14:13:08.456,Shawarma,food_drink,Savings Bank,82.19,MKD,expense,,,,,
2023-07-28 15:05:24.026,Adjust balance,balance_adjustment,Cash,0.33,EUR,expense,,,,,
2023-07-28 05:58:44.561,Bus,transport,Cash,6.85,MKD,expense,,,,,
2023-07-28 05:38:02.624,Bus,transport,Cash,0.11,EUR,expense,,,,,
2023-07-27 10:22:06.462,Bus,transport,Cash,6.85,MKD,expense,,,,,
2023-07-24 16:09:23.521,Auto,transport,Cash,0.22,EUR,expense,,,,,
2023-07-23 06:55:40.729,person_b,peer_transfer,Cash,0.24,USD,expense,,,,,
2023-07-22 06:01:00.000,Something,other,Savings Bank,0.06,EUR,expense,,,,,
2023-07-21 15:34:14.642,Recharge,utilities,Savings Bank,177.4,MKD,expense,,,,,
2023-07-19 02:56:14.234,Adjust balance,balance_adjustment,Cash,0.11,EUR,expense,,,,,
2023-07-19 02:55:50.783,Bus,transport,Cash,0.11,EUR,expense,,,,,
2023-07-18 12:50:33.225,Pocket money,family_support,Savings Bank,11.11,EUR,income,,,,,
2023-07-18 12:50:17.986,Curd,food_drink,Savings Bank,0.53,EUR,expense,,,,,
2023-07-14 15:04:43.725,Auto,transport,Cash,0.22,EUR,expense,,,,,
2023-07-14 14:24:00.000,Snacks,food_drink,Savings Bank,0.89,EUR,expense,,,,,
2023-07-13 19:04:18.558,Adjust balance,balance_adjustment,Savings Bank,0.11,EUR,expense,,,,,
2023-07-13 19:03:25.820,Adjust balance,balance_adjustment,Metro Card,1.06,EUR,expense,,,,,
2023-07-13 18:05:21.961,🖊️,other,Savings Bank,0.11,EUR,expense,,,,,
2023-07-12 12:30:17.265,Bus,transport,Cash,6.85,MKD,expense,,,,,
2023-07-12 12:29:43.822,Juice,food_drink,Cash,0.24,USD,expense,,,,,
2023-07-12 12:29:31.596,Snacks,food_drink,Savings Bank,0.56,EUR,expense,,,,,
2023-07-12 12:29:17.648,Auto,transport,Cash,0.22,EUR,expense,,,,,
2023-07-10 11:56:25.016,Auto,transport,Cash,13.7,MKD,expense,,,,,
2023-07-05 11:40:48.962,Bus,transport,Cash,0.11,EUR,expense,,,,,
2023-07-05 03:13:37.014,Auto,transport,Cash,0.22,EUR,expense,,,,,
2023-07-04 02:56:22.663,Pen,education,Savings Bank,6.85,MKD,expense,,,,,
2023-06-12 18:05:00.000,person_i,other,Savings Bank,0.22,EUR,expense,,,,,
2023-06-11 10:05:00.000,family_member_b,peer_transfer,Savings Bank,7876.71,MKD,expense,,,,,
2023-06-10 10:03:00.000,Book,education,Savings Bank,2,EUR,expense,,,,,
2023-06-10 04:04:00.000,Salary,salary,Savings Bank,5479.45,MKD,income,,,,,
2023-06-10 03:21:34.716,Bus,transport,Cash,0.11,EUR,expense,,,,,
2023-06-09 13:23:56.829,Bus,transport,Cash,0.11,EUR,expense,,,,,
2023-06-09 03:44:35.554,Bus,transport,Cash,0.22,EUR,expense,,,,,
2023-06-09 02:53:59.302,family_member_b,peer_transfer,Cash,0.56,EUR,expense,,,,,
2023-06-08 03:49:50.091,Bus,transport,Cash,0.11,EUR,expense,,,,,
2023-06-07 15:20:03.899,Juice,food_drink,Savings Bank,0.22,EUR,expense,,,,,
2023-06-07 15:19:49.292,Exam fees,education,Savings Bank,8.89,EUR,expense,,,,,
2023-06-07 04:21:48.834,Auto,transport,Cash,13.7,MKD,expense,,,,,
2023-06-07 04:21:35.377,Record books,education,Savings Bank,4,EUR,expense,,,,,
2023-06-06 18:02:03.074,person_b,transfer,Savings Bank,1.89,EUR,transfer,1.89,EUR,Cash,1.89,EUR
2023-06-06 18:01:41.671,Adjust,balance_adjustment,Cash,0.67,EUR,expense,,,,,
2023-06-06 18:01:18.614,Adjust,balance_adjustment,Cash,1.11,EUR,expense,,,,,
2023-06-06 04:14:57.334,Auto,transport,Savings Bank,0.22,EUR,expense,,,,,
2023-06-05 13:00:00.000,Auto,transport,Savings Bank,0.22,EUR,expense,,,,,
2023-06-05 12:30:00.000,Juice,food_drink,Savings Bank,0.11,EUR,expense,,,,,
2023-06-05 12:30:00.000,Snacks,food_drink,Savings Bank,0.28,EUR,expense,,,,,
2023-06-05 03:16:08.866,Auto,transport,Savings Bank,0.22,EUR,expense,,,,,
2023-06-04 18:47:36.659,Adjust,balance_adjustment,Savings Bank,0.44,EUR,expense,,,,,
2023-06-03 11:48:00.000,Juice,food_drink,Savings Bank,13.7,MKD,expense,,,,,
2023-06-03 08:04:55.844,Juice,food_drink,Savings Bank,0.22,EUR,expense,,,,,
2023-06-02 12:14:12.385,Bus,transport,Cash,0.36,USD,expense,,,,,
2023-06-01 12:20:58.789,Bus,transport,Cash,0.11,EUR,expense,,,,,
2023-06-01 04:20:00.000,Medic,health,Savings Bank,0.59,EUR,expense,,,,,
2023-05-31 13:02:43.008,Bus,transport,Cash,0.11,EUR,expense,,,,,
2023-05-31 04:17:20.895,Bus,transport,Cash,0.22,EUR,expense,,,,,
2023-05-30 03:39:15.249,Auto,transport,Cash,0.24,USD,expense,,,,,
2023-05-30 03:39:06.540,family_member_b,peer_transfer,Cash,0.11,EUR,expense,,,,,
2023-05-29 11:50:56.495,Juice,food_drink,Savings Bank,0.22,EUR,expense,,,,,
2023-05-29 03:36:54.746,Auto,transport,Savings Bank,0.22,EUR,expense,,,,,
2023-05-28 15:28:02.300,Adjust,balance_adjustment,Cash,0.08,EUR,income,,,,,
2023-05-28 15:27:48.969,Adjust,balance_adjustment,Cash,1.7,EUR,income,,,,,
2023-05-28 15:13:59.660,Suit,shopping,Savings Bank,38.88,EUR,expense,,,,,
2023-05-27 04:47:59.367,Breakfast,food_drink,Savings Bank,0.33,EUR,expense,,,,,
2023-05-26 06:05:40.130,family_member_a payback,peer_transfer,Savings Bank,15.56,EUR,expense,,,,,
2023-05-25 11:24:27.236,Bus,transport,Cash,6.85,MKD,expense,,,,,
2023-05-25 11:24:15.787,Bus,transport,Cash,0.22,EUR,expense,,,,,
2023-05-24 10:29:10.540,Juice,food_drink,Savings Bank,0.3,USD,expense,,,,,
2023-05-24 10:28:56.973,Auto,transport,Cash,0.22,EUR,expense,,,,,
2023-05-23 13:28:23.128,Auto+Bus,transport,Cash,0.56,EUR,expense,,,,,
2023-05-23 03:57:00.000,Bus,transport,Cash,6.85,MKD,expense,,,,,
2023-05-23 03:00:20.601,Bus,transport,Cash,0.11,EUR,expense,,,,,
2023-05-23 02:26:57.406,Bus,transport,Cash,0.11,EUR,expense,,,,,
2023-05-21 20:27:42.687,Recharge,utilities,Savings Bank,177.4,MKD,expense,,,,,
2023-05-20 17:08:02.623,person_g paid,other_income,Savings Bank,102.74,MKD,income,,,,,
2023-05-20 17:07:32.488,Snacks,food_drink,Savings Bank,1.11,EUR,expense,,,,,
2023-05-20 08:15:26.239,Ice cream,food_drink,Savings Bank,0.33,EUR,expense,,,,,
2023-05-20 08:15:03.308,OGT paid,other_income,Savings Bank,1369.86,MKD,income,,,,,
2023-05-20 04:42:19.438,person_b,peer_transfer,Cash,0.11,EUR,expense,,,,,
2023-05-19 13:28:16.140,Bus pass,transport,Cash,4.78,EUR,expense,,,,,
2023-05-19 13:28:02.540,Withdraw,transfer,Savings Bank,5.56,EUR,transfer,5.56,EUR,Cash,5.56,EUR
2023-05-18 13:29:54.579,Ice cream,food_drink,Savings Bank,0.83,EUR,expense,,,,,
2023-05-18 13:29:36.443,RtA,transport,Metro Card,0.39,EUR,expense,,,,,
2023-05-18 09:46:00.000,Snacks,food_drink,Cash,0.33,EUR,expense,,,,,
2023-05-18 09:45:00.000,Bus,transport,Cash,6.85,MKD,expense,,,,,
2023-05-18 09:45:00.000,Withdraw,transfer,Savings Bank,2.22,EUR,transfer,2.22,EUR,Cash,2.22,EUR
2023-05-17 01:40:00.000,Bus,transport,Cash,0.36,USD,expense,,,,,
2023-05-16 15:04:00.000,Bus,transport,Cash,0.22,EUR,expense,,,,,
2023-05-16 14:01:02.385,Snacks,food_drink,Cash,0.33,EUR,expense,,,,,
2023-05-14 14:22:54.727,Adjust,balance_adjustment,Cash,0.36,USD,income,,,,,
2023-05-14 05:12:00.000,person_c payUp,peer_transfer,Savings Bank,432.19,MKD,expense,,,,,
2023-05-13 14:16:00.000,Payment,other_income,Savings Bank,5479.45,MKD,income,,,,,
2023-05-13 14:15:00.000,Juice,food_drink,Savings Bank,27.4,MKD,expense,,,,,
2023-05-13 14:15:00.000,Juice,food_drink,Savings Bank,6.85,MKD,expense,,,,,
2023-05-13 06:28:00.000,Auto,transport,Cash,13.7,MKD,expense,,,,,
2023-05-12 03:30:17.477,Auto,transport,Savings Bank,0.24,USD,expense,,,,,
2023-05-11 03:30:00.000,Auto,transport,Cash,13.7,MKD,expense,,,,,
2023-05-10 17:28:47.675,Auto,transport,Cash,0.24,USD,expense,,,,,
2023-05-10 17:28:31.997,Snacks,food_drink,Cash,0.17,EUR,expense,,,,,
2023-05-09 10:50:44.097,Bus: RtG,transport,Cash,0.11,EUR,expense,,,,,
2023-05-09 04:11:00.000,Bus,transport,Cash,0.12,USD,expense,,,,,
2023-05-08 18:09:26.912,Bus,transport,Cash,6.85,MKD,expense,,,,,
2023-05-08 04:40:28.771,Auto,transport,Cash,0.24,USD,expense,,,,,
2023-05-07 18:26:42.987,Snack,food_drink,Savings Bank,0.33,EUR,expense,,,,,
2023-05-06 04:32:04.945,Bus,transport,Cash,0.11,EUR,expense,,,,,
2023-05-06 04:31:50.149,Auto,transport,Cash,0.22,EUR,expense,,,,,
2023-05-05 16:47:04.845,Stonks Return,investment_income,Savings Bank,34.54,MKD,income,,,,,
2023-05-05 09:19:22.941,person_i,other_income,Cash,27.4,MKD,income,,,,,
2023-05-05 09:19:02.128,Bonda,food_drink,Savings Bank,0.78,EUR,expense,,,,,
2023-05-04 04:35:17.739,Auto,transport,Cash,0.22,EUR,expense,,,,,
2023-05-03 18:12:04.495,RtA,transport,Metro Card,23.97,MKD,expense,,,,,
2023-05-03 18:11:48.626,Bus,transport,Cash,0.22,EUR,expense,,,,,
2023-05-03 18:11:15.950,Bus,transport,Cash,0.22,EUR,expense,,,,,
2023-05-03 03:11:23.997,Withdraw,transfer,Savings Bank,2.22,EUR,transfer,2.22,EUR,Cash,2.22,EUR
2023-05-02 15:19:23.832,Glasses,health,Savings Bank,3.42,MKD,expense,,,,,
2023-05-02 15:19:05.941,Bus,transport,Cash,0.11,EUR,expense,,,,,
2023-05-02 03:28:33.128,Bus,transport,Cash,0.22,EUR,expense,,,,,
2023-05-01 15:51:41.472,Bus,transport,Cash,0.11,EUR,expense,,,,,
2023-05-01 03:35:26.574,Bus,transport,Cash,6.85,MKD,expense,,,,,
2023-04-29 20:38:00.000,family_member_a,peer_transfer,Savings Bank,17.78,EUR,expense,,,,,
2023-04-29 04:36:18.911,Bus,transport,Cash,0.11,EUR,expense,,,,,
2023-04-28 18:05:46.094,family_member_a,family_support,Cash,1.11,EUR,income,,,,,
2023-04-28 18:05:24.511,Bus,transport,Cash,6.85,MKD,expense,,,,,
2023-04-28 18:05:12.294,Bus: RtG,transport,Cash,0.11,EUR,expense,,,,,
2023-04-28 18:04:53.428,AtR,transport,Metro Card,0.39,EUR,expense,,,,,
2023-04-28 10:25:37.433,Bus,transport,Cash,0.11,EUR,expense,,,,,
2023-04-28 10:25:25.543,Auto,transport,Cash,13.7,MKD,expense,,,,,
2023-04-28 10:25:16.491,Auto,transport,Cash,0.22,EUR,expense,,,,,
2023-04-27 13:04:44.625,Ice cream,food_drink,Savings Bank,1.09,EUR,expense,,,,,
2023-04-27 13:04:24.531,Water,food_drink,Savings Bank,0.36,USD,expense,,,,,
2023-04-27 13:03:59.049,Fried rice,food_drink,Cash,0.89,EUR,expense,,,,,
2023-04-27 13:03:46.473,Goli soda,food_drink,Savings Bank,0.54,EUR,expense,,,,,
2023-04-27 06:59:00.000,Auto,transport,Savings Bank,0.22,EUR,expense,,,,,
2023-04-27 06:18:43.826,Auto,transport,Cash,0.22,EUR,expense,,,,,
2023-04-26 16:19:30.311,RtA,transport,Metro Card,0.39,EUR,expense,,,,,
2023-04-26 13:36:29.167,Juice,food_drink,Savings Bank,0.22,EUR,expense,,,,,
2023-04-26 06:42:00.000,family_member_a sent,family_support,Savings Bank,33.33,EUR,income,,,,,
2023-04-26 06:32:33.046,Bus: RtG,transport,Cash,0.11,EUR,expense,,,,,
2023-04-26 06:32:09.979,BtR,transport,Metro Card,0.44,EUR,expense,,,,,
2023-04-26 04:44:51.810,Metro Recharge,other_income,Metro Card,2.22,EUR,income,,,,,
2023-04-26 04:44:42.132,Metro recharge,transport,Savings Bank,2.22,EUR,expense,,,,,
2023-04-25 15:20:23.634,RtA,transport,Metro Card,0.35,EUR,expense,,,,,
2023-04-25 15:08:52.646,Burger AM,food_drink,Savings Bank,1.1,EUR,expense,,,,,
2023-04-25 11:42:32.690,Bus: RtG,transport,Cash,0.11,EUR,expense,,,,,
2023-04-25 11:42:19.774,AtR,transport,Metro Card,0.39,EUR,expense,,,,,
2023-04-25 06:54:00.000,Stonks return,investment_income,Savings Bank,1.45,EUR,income,,,,,
2023-04-24 15:42:02.351,RtA,transport,Metro Card,0.35,EUR,expense,,,,,
2023-04-24 14:52:19.390,Bus: GtR,transport,Cash,0.11,EUR,expense,,,,,
2023-04-24 12:47:55.727,SQ bands,other,Cash,0.06,EUR,expense,,,,,
2023-04-24 12:47:34.484,Bus: RtG,transport,Cash,0.11,EUR,expense,,,,,
2023-04-24 12:47:18.442,AtR,transport,Metro Card,0.39,EUR,expense,,,,,
2023-04-24 10:12:24.068,Water,food_drink,Savings Bank,0.22,EUR,expense,,,,,
2023-04-24 09:13:25.670,Frooti,food_drink,Savings Bank,0.33,EUR,expense,,,,,
2023-04-24 07:16:21.496,Water,food_drink,Cash,20.55,MKD,expense,,,,,
2023-04-24 06:53:00.000,FAC,other,Savings Bank,0.36,USD,expense,,,,,
2023-04-24 06:03:29.520,Auto,transport,Cash,0.22,EUR,expense,,,,,
2023-04-23 13:50:23.357,Shirt,shopping,Savings Bank,513.7,MKD,expense,,,,,
2023-04-23 06:49:00.000,TO TRANSFER INSUFFICIENT BAL POS DECLINE CHARGE,financial,Savings Bank,0.26,EUR,expense,,,,,
2023-04-22 17:59:20.492,person_h payup,other_income,Savings Bank,17.23,EUR,income,,,,,
2023-04-22 10:39:20.483,Mobile,utilities,Savings Bank,2.88,EUR,expense,,,,,
2023-04-22 07:48:32.170,Stonks,financial,Savings Bank,89.04,MKD,expense,,,,,
2023-04-22 07:15:50.741,Change,other_income,Cash,0.08,EUR,income,,,,,
2023-04-22 07:13:49.341,person_c returns,refund,Savings Bank,3.33,EUR,income,,,,,
2023-04-22 07:01:43.200,Init,balance_adjustment,Metro Card,1.54,EUR,income,,,,,
2023-04-22 06:59:50.288,Init,balance_adjustment,Savings Bank,2414.91,MKD,income,,,,,
2023-04-22 06:58:13.959,Init,balance_adjustment,Cash,2.78,EUR,income,,,,,
