input,transactionType,amount,currency,category,description,timeOffset,fromAccount,toAccount
person_a -0.5€ 28d ago,expense,0.5,EUR,other,person_a,-P28D,,
juice 0.44€,expense,0.44,EUR,food_drink,Juice,PT0M,,
tire 6.85 ден,expense,6.85,MKD,vehicle_maintenance,Tire,PT0M,,
spent 2.22e family_member_a -21h,expense,2.22,EUR,peer_transfer,family_member_a,-PT21H,,
+0.04€ reward,income,0.04,EUR,rewards,Reward,PT0M,,
family_member_a -5.56€,expense,5.56,EUR,peer_transfer,family_member_a,PT0M,,
grocery -€0.33 26d ago,expense,0.33,EUR,groceries,Grocery,-P26D,,
petrol -1.11 eur 8d ago,expense,1.11,EUR,fuel,Petrol,-P8D,,
adjust balance -€0.82,expense,0.82,EUR,balance_adjustment,Adjust balance,PT0M,,
spent 1.23 USD adjust balance,expense,1.23,USD,balance_adjustment,Adjust balance,PT0M,,
haircut -€1.69,expense,1.69,EUR,personal_care,Haircut,PT0M,,
family_member_a €5.56 -22d,expense,5.56,EUR,peer_transfer,family_member_a,-P22D,,
spent 0.24 eur print,expense,0.24,EUR,education,Print,PT0M,,
license -€3.33 -2h,expense,3.33,EUR,financial,License,-PT2H,,
noodles -0.78 eur,expense,0.78,EUR,food_drink,Noodles,PT0M,,
breakfast 0.33 eur,expense,0.33,EUR,food_drink,Breakfast,PT0M,,
spent 0.56 eur family_member_b,expense,0.56,EUR,peer_transfer,family_member_b,PT0M,,
adjust balance -2.05 MKD,expense,2.05,MKD,balance_adjustment,Adjust balance,PT0M,,
rent -€42.22 20d ago,expense,42.22,EUR,housing,Rent,-P20D,,
spent 1.9e grocery in 1d,expense,1.9,EUR,groceries,Grocery,P1D,,
grocery 1e,expense,1,EUR,groceries,Grocery,PT0M,,
+0.46€ adjust balance,income,0.46,EUR,balance_adjustment,Adjust balance,PT0M,,
spent 3.33 eur family_member_a,expense,3.33,EUR,peer_transfer,family_member_a,PT0M,,
adjust balance 0.56€,expense,0.56,EUR,balance_adjustment,Adjust balance,PT0M,,
family_member_b -€0.56 18 hours ago,expense,0.56,EUR,peer_transfer,family_member_b,-PT18H,,
breakfast -€0.33 -3d,expense,0.33,EUR,food_drink,Breakfast,-P3D,,
breakfast 0.33€,expense,0.33,EUR,food_drink,Breakfast,PT0M,,
netflix 2.21€ -4d,expense,2.21,EUR,entertainment,Netflix,-P4D,,
family_member_a -2.22€ in 1d,expense,2.22,EUR,peer_transfer,family_member_a,P1D,,
spent 1.33 eur lunch -11h,expense,1.33,EUR,food_drink,Lunch,-PT11H,,
family_member_a -6.02 USD,expense,6.02,USD,peer_transfer,family_member_a,PT0M,,
recharge 2.88 eur -29d,expense,2.88,EUR,utilities,Recharge,-P29D,,
printouts 0.14e,expense,0.14,EUR,education,Printouts,PT0M,,
printouts -0.51 dollar 21 hours ago,expense,0.51,USD,education,Printouts,-PT21H,,
spent 6.27 dollar biryani 🍚,expense,6.27,USD,food_drink,Biryani 🍚,PT0M,,
breakfast 0.67€ 12d ago,expense,0.67,EUR,food_drink,Breakfast,-P12D,,
family_member_a 22.22€ -21h,expense,22.22,EUR,peer_transfer,family_member_a,-PT21H,,
adjust balance +€0.79,income,0.79,EUR,balance_adjustment,Adjust balance,PT0M,,
spent 13.7 ден juice,expense,13.7,MKD,food_drink,Juice,PT0M,,
cab €2 -13d,expense,2,EUR,transport,Cab,-P13D,,
snacks -€0.33,expense,0.33,EUR,food_drink,Snacks,PT0M,,
chai -0.22 eur 21 hours ago,expense,0.22,EUR,food_drink,Chai,-PT21H,,
recharge -2.97 eur,expense,2.97,EUR,utilities,Recharge,PT0M,,
spent 0.28€ curd 25 days ago,expense,0.28,EUR,food_drink,Curd,-P25D,,
adjust balance -0.36 dollar 13 days ago,expense,0.36,USD,balance_adjustment,Adjust balance,-P13D,,
tea €0.11,expense,0.11,EUR,food_drink,Tea,PT0M,,
spent 6.85 MKD water,expense,6.85,MKD,food_drink,Water,PT0M,,
adjust balance 3.98e tmr,expense,3.98,EUR,balance_adjustment,Adjust balance,P1D,,
water 0.48 dollar -15h,expense,0.48,USD,food_drink,Water,-PT15H,,
spent 0.24 dollar bus 3 hours ago,expense,0.24,USD,transport,Bus,-PT3H,,
metro -€0.22 -4d,expense,0.22,EUR,transport,Metro,-P4D,,
haldiram 2.49 USD,expense,2.49,USD,food_drink,Haldiram,PT0M,,
tickets victoria -1.11 eur,expense,1.11,EUR,entertainment,Tickets victoria,PT0M,,
spent 1.06€ lunch,expense,1.06,EUR,food_drink,Lunch,PT0M,,
ferry -0.56 eur,expense,0.56,EUR,transport,Ferry,PT0M,,
family_member_a -5.56 eur 21h ago,expense,5.56,EUR,peer_transfer,family_member_a,-PT21H,,
museum 1.67e -20h,expense,1.67,EUR,entertainment,Museum,-PT20H,,
spent 13.7 ден bus,expense,13.7,MKD,transport,Bus,PT0M,,
spent €0.11 metro,expense,0.11,EUR,transport,Metro,PT0M,,
grocery 2.22€,expense,2.22,EUR,groceries,Grocery,PT0M,,
withdraw salary bank 27.78 eur to cash 14 days ago,transfer,27.78,EUR,transfer,Withdraw,-P14D,Salary Bank,Cash
cab 2.22 eur +1d,expense,2.22,EUR,transport,Cab,P1D,,
train 0.22e -11d,expense,0.22,EUR,transport,Train,-P11D,,
spent 0.22€ tickets,expense,0.22,EUR,entertainment,Tickets,PT0M,,
family_member_b stuff -2.67e,expense,2.67,EUR,peer_transfer,family_member_b stuff,PT0M,,
toto -€0.22,expense,0.22,EUR,transport,Toto,PT0M,,
snacks 0.78€ 10h ago,expense,0.78,EUR,food_drink,Snacks,-PT10H,,
spent 1.13e adjust balance,expense,1.13,EUR,balance_adjustment,Adjust balance,PT0M,,
spent 0.49€ snacks 10 hours ago,expense,0.49,EUR,food_drink,Snacks,-PT10H,,
shaka pola 7.23usd,expense,7.23,USD,other,Shaka pola,PT0M,,
tickets 27.4 den -10d,expense,27.4,MKD,entertainment,Tickets,-P10D,,
adjust balance 0.67€ -11d,expense,0.67,EUR,balance_adjustment,Adjust balance,-P11D,,
spent 0.22e lunch,expense,0.22,EUR,food_drink,Lunch,PT0M,,
recharge -2.88 eur 19 days ago,expense,2.88,EUR,utilities,Recharge,-P19D,,
shave -€0.22 +1d,expense,0.22,EUR,personal_care,Shave,P1D,,
water -0.22 eur,expense,0.22,EUR,food_drink,Water,PT0M,,
spent 2.89e tickets,expense,2.89,EUR,entertainment,Tickets,PT0M,,
water -0.22 eur 18d ago,expense,0.22,EUR,food_drink,Water,-P18D,,
+17.45€ ticket refund -21d,income,17.45,EUR,refund,Ticket Refund,-P21D,,
lunch 2.78e,expense,2.78,EUR,food_drink,Lunch,PT0M,,
spent 1.33e adjust balance -2h,expense,1.33,EUR,balance_adjustment,Adjust balance,-PT2H,,
family_member_a 342.47 ден -17d,expense,342.47,MKD,peer_transfer,family_member_a,-P17D,,
spent 116.44mkd cab,expense,116.44,MKD,transport,Cab,PT0M,,
snacks -136.99 den in 1d,expense,136.99,MKD,food_drink,Snacks,P1D,,
spent 5.56 eur person_b,expense,5.56,EUR,peer_transfer,person_b,PT0M,,
withdraw salary bank €16.67 to cash,transfer,16.67,EUR,transfer,Withdraw,PT0M,Salary Bank,Cash
tickets -18.92e 21 hours ago,expense,18.92,EUR,entertainment,Tickets,-PT21H,,
family_member_a 5.56€,expense,5.56,EUR,peer_transfer,family_member_a,PT0M,,
petrol -1.11 eur,expense,1.11,EUR,fuel,Petrol,PT0M,,
got +1.11€ person_d payback,income,1.11,EUR,other_income,person_d payback,PT0M,,
spent 1.11€ petrol 15 days ago,expense,1.11,EUR,fuel,Petrol,-P15D,,
snacks -2.32e,expense,2.32,EUR,food_drink,Snacks,PT0M,,
spent 2.22e petrol 21h ago,expense,2.22,EUR,fuel,Petrol,-PT21H,,
chips -0.11 eur,expense,0.11,EUR,food_drink,Chips,PT0M,,
spent 0.33€ breakfast,expense,0.33,EUR,food_drink,Breakfast,PT0M,,
petrol -2.22e 25d ago,expense,2.22,EUR,fuel,Petrol,-P25D,,
clothes -8.88e -16d,expense,8.88,EUR,shopping,Clothes,-P16D,,
snacks -2.21 eur 15d ago,expense,2.21,EUR,food_drink,Snacks,-P15D,,
spent 5.56 eur family_member_a,expense,5.56,EUR,peer_transfer,family_member_a,PT0M,,
spent €1 snacks 4h ago,expense,1,EUR,food_drink,Snacks,-PT4H,,
spent 1.11 eur person_d,expense,1.11,EUR,peer_transfer,person_d,PT0M,,
petrol -68.49 den 8 hours ago,expense,68.49,MKD,fuel,Petrol,-PT8H,,
person_a payback +2.22e -14h,income,2.22,EUR,other_income,person_a payback,-PT14H,,
got +1.11€ person_a payback,income,1.11,EUR,other_income,person_a payback,PT0M,,
grocery -€1.94,expense,1.94,EUR,groceries,Grocery,PT0M,,
spent 2.22€ netflix 19 days ago,expense,2.22,EUR,entertainment,Netflix,-P19D,,
transfer €24.17 salary bank to savings bank 2d ago,transfer,24.17,EUR,transfer,Transfer,-P2D,Salary Bank,Savings Bank
got +8005.48 MKD salary 23h ago,income,8005.48,MKD,salary,Salary,-PT23H,,
snacks -0.33 eur 15 days ago,expense,0.33,EUR,food_drink,Snacks,-P15D,,
adjust balance €0.74,expense,0.74,EUR,balance_adjustment,Adjust balance,PT0M,,
person_b -1.72e,expense,1.72,EUR,peer_transfer,person_b,PT0M,,
spent 0.11 eur adjust balance 22 hours ago,expense,0.11,EUR,balance_adjustment,Adjust balance,-PT22H,,
netflix €2.21,expense,2.21,EUR,entertainment,Netflix,PT0M,,
netflix +136.99mkd,income,136.99,MKD,other_income,Netflix,PT0M,,
family_member_a $2.41 tomorrow,expense,2.41,USD,peer_transfer,family_member_a,P1D,,
snacks €1,expense,1,EUR,food_drink,Snacks,PT0M,,
person_i 3.33 eur,expense,3.33,EUR,other,person_i,PT0M,,
petrol -1.11€ -19d,expense,1.11,EUR,fuel,Petrol,-P19D,,
biryani 🍚 5.78e,expense,5.78,EUR,food_drink,Biryani 🍚,PT0M,,
spent 0.6€ adjust balance -6h,expense,0.6,EUR,balance_adjustment,Adjust balance,-PT6H,,
juice 20.55mkd,expense,20.55,MKD,food_drink,Juice,PT0M,,
petrol -1.11e +1d,expense,1.11,EUR,fuel,Petrol,P1D,,
smthng 0.11 eur 18d ago,expense,0.11,EUR,other,Smthng,-P18D,,
spent 2.11e pizza -12h,expense,2.11,EUR,food_drink,Pizza,-PT12H,,
spent €11.11 family_member_a,expense,11.11,EUR,peer_transfer,family_member_a,PT0M,,
snacks -0.39€ 7 days ago,expense,0.39,EUR,food_drink,Snacks,-P7D,,
+7.53 ден reward,income,7.53,MKD,rewards,Reward,PT0M,,
breakfast 20.55mkd 3 hours ago,expense,20.55,MKD,food_drink,Breakfast,-PT3H,,
spent 1.78 eur shirt,expense,1.78,EUR,shopping,Shirt,PT0M,,
bus 20.55 MKD,expense,20.55,MKD,transport,Bus,PT0M,,
spent 0.39 eur juice -14d,expense,0.39,EUR,food_drink,Juice,-P14D,,
withdraw salary bank 3.33e to cash tomorrow,transfer,3.33,EUR,transfer,Withdraw,P1D,Salary Bank,Cash
spent 0.22 eur auto 23h ago,expense,0.22,EUR,transport,Auto,-PT23H,,
recharge 106.16mkd +1d,expense,106.16,MKD,utilities,Recharge,P1D,,
person_b 342.47 den,expense,342.47,MKD,peer_transfer,person_b,PT0M,,
spent 0.62 eur adjust balance -23d,expense,0.62,EUR,balance_adjustment,Adjust balance,-P23D,,
snacks -0.33e -19h,expense,0.33,EUR,food_drink,Snacks,-PT19H,,
spent €0.04 shampoo,expense,0.04,EUR,personal_care,Shampoo,PT0M,,
spent 2.78 eur petrol,expense,2.78,EUR,fuel,Petrol,PT0M,,
stationary 0.22 eur,expense,0.22,EUR,education,Stationary,PT0M,,
ice cream €0.22 7h ago,expense,0.22,EUR,food_drink,Ice cream,-PT7H,,
spent 0.67e snacks,expense,0.67,EUR,food_drink,Snacks,PT0M,,
spent 0.78e lunch,expense,0.78,EUR,food_drink,Lunch,PT0M,,
auto -0.22€,expense,0.22,EUR,transport,Auto,PT0M,,
bus €0.44,expense,0.44,EUR,transport,Bus,PT0M,,
auto €0.22,expense,0.22,EUR,transport,Auto,PT0M,,
juice -€0.33,expense,0.33,EUR,food_drink,Juice,PT0M,,
printing -6.17e,expense,6.17,EUR,education,Printing,PT0M,,
spent 0.33 eur breakfast,expense,0.33,EUR,food_drink,Breakfast,PT0M,,
recharge -€2.88,expense,2.88,EUR,utilities,Recharge,PT0M,,
internet 5.23e,expense,5.23,EUR,utilities,Internet,PT0M,,
spent 0.11e juice,expense,0.11,EUR,food_drink,Juice,PT0M,,
brake 0.6 dollar,expense,0.6,USD,vehicle_maintenance,Brake,PT0M,,
ice cream 23.97 den -14d,expense,23.97,MKD,food_drink,Ice Cream,-P14D,,
spent 1.11 eur petrol -15h,expense,1.11,EUR,fuel,Petrol,-PT15H,,
adjust balance 0.44€ 3d ago,expense,0.44,EUR,balance_adjustment,Adjust balance,-P3D,,
juice -0.83e -8d,expense,0.83,EUR,food_drink,Juice,-P8D,,
juice -0.22e,expense,0.22,EUR,food_drink,Juice,PT0M,,
spent 14.91 eur tickets,expense,14.91,EUR,entertainment,Tickets,PT0M,,
tickets 919.04mkd,expense,919.04,MKD,entertainment,Tickets,PT0M,,
maggi €0.16,expense,0.16,EUR,food_drink,Maggi,PT0M,,
breakfast -0.33€,expense,0.33,EUR,food_drink,Breakfast,PT0M,,
spent 20.55 den breakfast,expense,20.55,MKD,food_drink,Breakfast,PT0M,,
juice -€1.44,expense,1.44,EUR,food_drink,Juice,PT0M,,
shawarma 🌯 2.44 eur,expense,2.44,EUR,food_drink,Shawarma 🌯,PT0M,,
rta $0.42,expense,0.42,USD,transport,RtA,PT0M,,
spent €0.11 bus,expense,0.11,EUR,transport,Bus,PT0M,,
atr -23.97 den in 1d,expense,23.97,MKD,transport,AtR,P1D,,
recharge 2.22 eur salary bank to metro card,transfer,2.22,EUR,transfer,Recharge,PT0M,Salary Bank,Metro Card
juice 0.11e,expense,0.11,EUR,food_drink,Juice,PT0M,,
bus -0.22€ -14h,expense,0.22,EUR,transport,Bus,-PT14H,,
spent 0.39€ rta,expense,0.39,EUR,transport,RtA,PT0M,,
atr -0.42 dollar,expense,0.42,USD,transport,AtR,PT0M,,
snacks 0.36 USD tomorrow,expense,0.36,USD,food_drink,Snacks,P1D,,
snacks $0.72,expense,0.72,USD,food_drink,Snacks,PT0M,,
rta -0.39 eur 11 hours ago,expense,0.39,EUR,transport,RtA,-PT11H,,
spent 0.39€ atr,expense,0.39,EUR,transport,AtR,PT0M,,
spent 16.87 dollar screen,expense,16.87,USD,shopping,Screen,PT0M,,
snacks 13.7mkd,expense,13.7,MKD,food_drink,Snacks,PT0M,,
breakfast -0.36 USD 30d ago,expense,0.36,USD,food_drink,Breakfast,-P30D,,
juice 0.89€ 30 days ago,expense,0.89,EUR,food_drink,Juice,-P30D,,
spent 6.85mkd bus 8 hours ago,expense,6.85,MKD,transport,Bus,-PT8H,,
spent 23.97 MKD rta,expense,23.97,MKD,transport,RtA,PT0M,,
atr -0.39€ 19d ago,expense,0.39,EUR,transport,AtR,-P19D,,
bus -0.11e tomorrow,expense,0.11,EUR,transport,Bus,P1D,,
spent 23.97 MKD rta -19d,expense,23.97,MKD,transport,RtA,-P19D,,
spent 0.39 eur atr -19d,expense,0.39,EUR,transport,AtR,-P19D,,
shawarma 🌯 1.33 eur -17h,expense,1.33,EUR,food_drink,Shawarma 🌯,-PT17H,,
spent 6.85mkd bus -18h,expense,6.85,MKD,transport,Bus,-PT18H,,
bus -0.11 eur 5d ago,expense,0.11,EUR,transport,Bus,-P5D,,
petrol -1.11€,expense,1.11,EUR,fuel,Petrol,PT0M,,
rta 23.97 den,expense,23.97,MKD,transport,RtA,PT0M,,
atr 0.39e -18h,expense,0.39,EUR,transport,AtR,-PT18H,,
juice -0.44 eur,expense,0.44,EUR,food_drink,Juice,PT0M,,
lunch -€1.11 -20h,expense,1.11,EUR,food_drink,Lunch,-PT20H,,
adjust balance +€0.89 -5h,income,0.89,EUR,balance_adjustment,Adjust balance,-PT5H,,
adjust balance 0.33 eur,expense,0.33,EUR,balance_adjustment,Adjust balance,PT0M,,
petrol €2.22 -16h,expense,2.22,EUR,fuel,Petrol,-PT16H,,
medic -0.22€ 13d ago,expense,0.22,EUR,health,Medic,-P13D,,
spent €1.11 petrol,expense,1.11,EUR,fuel,Petrol,PT0M,,
recharge -3.22usd in 1d,expense,3.22,USD,utilities,Recharge,P1D,,
petrol 0.56e tmr,expense,0.56,EUR,fuel,Petrol,P1D,,
exam fees 22.22 eur -2h,expense,22.22,EUR,education,Exam Fees,-PT2H,,
juice 0.89€,expense,0.89,EUR,food_drink,Juice,PT0M,,
bus 0.11€,expense,0.11,EUR,transport,Bus,PT0M,,
auto 0.22€,expense,0.22,EUR,transport,Auto,PT0M,,
spent 0.89 eur juice,expense,0.89,EUR,food_drink,Juice,PT0M,,
snacks €0.33,expense,0.33,EUR,food_drink,Snacks,PT0M,,
transfer salary bank €22.22 to savings bank tmr,transfer,22.22,EUR,transfer,Transfer,P1D,Salary Bank,Savings Bank
netflix 2.21e +1d,expense,2.21,EUR,entertainment,Netflix,P1D,,
family_member_a €55.56 -22d,expense,55.56,EUR,peer_transfer,family_member_a,-P22D,,
adjust balance -0.33e,expense,0.33,EUR,balance_adjustment,Adjust balance,PT0M,,
recharge 1.72€,expense,1.72,EUR,utilities,Recharge,PT0M,,
juice -0.72 dollar,expense,0.72,USD,food_drink,Juice,PT0M,,
recharge salary bank €2.22 to metro card 21d ago,transfer,2.22,EUR,transfer,Recharge,-P21D,Salary Bank,Metro Card
withdraw salary bank 3.33€ to cash 13h ago,transfer,3.33,EUR,transfer,Withdraw,-PT13H,Salary Bank,Cash
rta €0.39 -11h,expense,0.39,EUR,transport,RtA,-PT11H,,
atr -23.97 den 6d ago,expense,23.97,MKD,transport,AtR,-P6D,,
spent 20.55 ден water,expense,20.55,MKD,food_drink,Water,PT0M,,
salary +215.19e 9 hours ago,income,215.19,EUR,salary,Salary,-PT9H,,
bus -0.11€,expense,0.11,EUR,transport,Bus,PT0M,,
atr 0.39 eur,expense,0.39,EUR,transport,AtR,PT0M,,
spent 23.97 ден rta -5h,expense,23.97,MKD,transport,RtA,-PT5H,,
juice 1 eur tomorrow,expense,1,EUR,food_drink,Juice,P1D,,
bus -6.85 ден,expense,6.85,MKD,transport,Bus,PT0M,,
rta -0.39€ 3 days ago,expense,0.39,EUR,transport,RtA,-P3D,,
adjust balance €0.89 -23h,expense,0.89,EUR,balance_adjustment,Adjust balance,-PT23H,,
bus 0.11€ -10h,expense,0.11,EUR,transport,Bus,-PT10H,,
atr -0.39 eur,expense,0.39,EUR,transport,AtR,PT0M,,
spent 342.47mkd family_member_a 10 hours ago,expense,342.47,MKD,peer_transfer,family_member_a,-PT10H,,
breakfast 0.33 eur,expense,0.33,EUR,food_drink,Breakfast,PT0M,,
🍰 1.11€,expense,1.11,EUR,food_drink,🍰,PT0M,,
spent 27.4 den milk,expense,27.4,MKD,groceries,Milk,PT0M,,
snacks 1e -6h,expense,1,EUR,food_drink,Snacks,-PT6H,,
water -0.67e -6d,expense,0.67,EUR,food_drink,Water,-P6D,,
juice 82.19 den,expense,82.19,MKD,food_drink,Juice,PT0M,,
water -0.67€ -1d,expense,0.67,EUR,food_drink,Water,-P1D,,
lunch -€1.11,expense,1.11,EUR,food_drink,Lunch,PT0M,,
+1.11 eur person_e 16h ago,income,1.11,EUR,other_income,person_e,-PT16H,,
got +€3.33 person_f,income,3.33,EUR,other_income,person_f,PT0M,,
spent 1.11€ petrol,expense,1.11,EUR,fuel,Petrol,PT0M,,
juice 33.56 den,expense,33.56,MKD,food_drink,Juice,PT0M,,
person_b €5.56 -1h,expense,5.56,EUR,peer_transfer,person_b,-PT1H,,
snacks 0.11€,expense,0.11,EUR,food_drink,Snacks,PT0M,,
spent 0.54 eur drink ye,expense,0.54,EUR,food_drink,Drink,-P1D,,
lunch -1.33 eur in 1d,expense,1.33,EUR,food_drink,Lunch,P1D,,
water 41.1mkd,expense,41.1,MKD,food_drink,Water,PT0M,,
petrol -1.11€,expense,1.11,EUR,fuel,Petrol,PT0M,,
snacks -€0.22,expense,0.22,EUR,food_drink,Snacks,PT0M,,
petrol 1.11e 11h ago,expense,1.11,EUR,fuel,Petrol,-PT11H,,
shirt -7.77 eur 26d ago,expense,7.77,EUR,shopping,Shirt,-P26D,,
petrol 68.49mkd,expense,68.49,MKD,fuel,Petrol,PT0M,,
petrol -34.25 MKD,expense,34.25,MKD,fuel,Petrol,PT0M,,
snacks -0.67€,expense,0.67,EUR,food_drink,Snacks,PT0M,,
team lunch -8.83e,expense,8.83,EUR,food_drink,Team lunch,PT0M,,
bus 0.24usd,expense,0.24,USD,transport,Bus,PT0M,,
rta -0.39 eur,expense,0.39,EUR,transport,RtA,PT0M,,
spent 0.39 eur atr 22h ago,expense,0.39,EUR,transport,AtR,-PT22H,,
bus 0.11€,expense,0.11,EUR,transport,Bus,PT0M,,
rta -0.39 eur,expense,0.39,EUR,transport,RtA,PT0M,,
bus pass -4.78 eur,expense,4.78,EUR,transport,Bus Pass,PT0M,,
recharge 2.88e -5h,expense,2.88,EUR,utilities,Recharge,-PT5H,,
+€0.49 adjust balance,income,0.49,EUR,balance_adjustment,Adjust balance,PT0M,,
settlement 13.7 ден,expense,13.7,MKD,other,Settlement,PT0M,,
adjust balance -0.22e 4 days ago,expense,0.22,EUR,balance_adjustment,Adjust balance,-P4D,,
bus 0.33€,expense,0.33,EUR,transport,Bus,PT0M,,
spent €0.39 atr,expense,0.39,EUR,transport,AtR,PT0M,,
juice €0.44,expense,0.44,EUR,food_drink,Juice,PT0M,,
manchuria -€0.78,expense,0.78,EUR,food_drink,Manchuria,PT0M,,
breakfast -€0.28,expense,0.28,EUR,food_drink,Breakfast,PT0M,,
spent 1.11€ petrol +1d,expense,1.11,EUR,fuel,Petrol,P1D,,
tyre -0.11 eur,expense,0.11,EUR,vehicle_maintenance,Tyre,PT0M,,
shirt -547.26mkd -8d,expense,547.26,MKD,shopping,Shirt,-P8D,,
burrito -0.92€ 13h ago,expense,0.92,EUR,food_drink,Burrito,-PT13H,,
got +€0.99 person_c payup,income,0.99,EUR,other_income,person_c PayUp,PT0M,,
spent 0.98e ice cream,expense,0.98,EUR,food_drink,Ice Cream,PT0M,,
water 0.33 eur,expense,0.33,EUR,food_drink,Water,PT0M,,
bus -0.11e,expense,0.11,EUR,transport,Bus,PT0M,,
spent €0.39 rta 10h ago,expense,0.39,EUR,transport,RtA,-PT10H,,
spent 0.39 eur atr,expense,0.39,EUR,transport,AtR,PT0M,,
spent 0.9 dollar snacks,expense,0.9,USD,food_drink,Snacks,PT0M,,
snacks €1.44,expense,1.44,EUR,food_drink,Snacks,PT0M,,
recharge 2.41 dollar salary bank to metro card 22d ago,transfer,2.41,USD,transfer,Recharge,-P22D,Salary Bank,Metro Card
atr -0.39e 5 days ago,expense,0.39,EUR,transport,AtR,-P5D,,
withdraw 3.33 eur salary bank to cash,transfer,3.33,EUR,transfer,Withdraw,PT0M,Salary Bank,Cash
rta -0.39 eur 20 days ago,expense,0.39,EUR,transport,RtA,-P20D,,
bus 0.11e,expense,0.11,EUR,transport,Bus,PT0M,,
spent 0.39e atr,expense,0.39,EUR,transport,AtR,PT0M,,
spent €0.11 bus,expense,0.11,EUR,transport,Bus,PT0M,,
rta -0.39€ 20h ago,expense,0.39,EUR,transport,RtA,-PT20H,,
snacks -41.1mkd 8 days ago,expense,41.1,MKD,food_drink,Snacks,-P8D,,
domain -6.85e,expense,6.85,EUR,utilities,Domain,PT0M,,
atr 0.39 eur,expense,0.39,EUR,transport,AtR,PT0M,,
bus 0.11 eur tomorrow,expense,0.11,EUR,transport,Bus,P1D,,
breakfast -0.33€ 28 days ago,expense,0.33,EUR,food_drink,Breakfast,-P28D,,
bus 13.7 MKD,expense,13.7,MKD,transport,Bus,PT0M,,
recharge salary bank 2.41 dollar to metro card tmr,transfer,2.41,USD,transfer,Recharge,P1D,Salary Bank,Metro Card
spent €0.39 rta,expense,0.39,EUR,transport,RtA,PT0M,,
spent €0.39 atr -15d,expense,0.39,EUR,transport,AtR,-P15D,,
adjust balance 0.44e tmr,expense,0.44,EUR,balance_adjustment,Adjust balance,P1D,,
rta -0.39e -22h,expense,0.39,EUR,transport,RtA,-PT22H,,
spent 0.33 eur adjust balance,expense,0.33,EUR,balance_adjustment,Adjust balance,PT0M,,
adjust balance -€0.79 -22h,expense,0.79,EUR,balance_adjustment,Adjust balance,-PT22H,,
spent 11.11 eur gym 26 days ago,expense,11.11,EUR,health,Gym,-P26D,,
atr 23.97 ден 14 days ago,expense,23.97,MKD,transport,AtR,-P14D,,
spent €1.56 shawarma 🌯 17h ago,expense,1.56,EUR,food_drink,Shawarma 🌯,-PT17H,,
atr -€0.39,expense,0.39,EUR,transport,AtR,PT0M,,
bus -6.85 MKD,expense,6.85,MKD,transport,Bus,PT0M,,
spent 0.33€ breakfast,expense,0.33,EUR,food_drink,Breakfast,PT0M,,
spent 3.01 USD fest,expense,3.01,USD,entertainment,Fest,PT0M,,
spent 0.11e juice -23d,expense,0.11,EUR,food_drink,Juice,-P23D,,
spent 0.11e bus 15d ago,expense,0.11,EUR,transport,Bus,-P15D,,
spent 0.33e juice 2 hours ago,expense,0.33,EUR,food_drink,Juice,-PT2H,,
spent €0.22 auto +1d,expense,0.22,EUR,transport,Auto,P1D,,
juice 20.55 den 18 hours ago,expense,20.55,MKD,food_drink,Juice,-PT18H,,
rta -0.39e,expense,0.39,EUR,transport,RtA,PT0M,,
recharge 2.22 eur salary bank to metro card,transfer,2.22,EUR,transfer,Recharge,PT0M,Salary Bank,Metro Card
wow 3.44€,expense,3.44,EUR,other,Wow,PT0M,,
juice 0.28e 19 hours ago,expense,0.28,EUR,food_drink,Juice,-PT19H,,
spent 0.39 eur atr 15 hours ago,expense,0.39,EUR,transport,AtR,-PT15H,,
snacks 0.83€,expense,0.83,EUR,food_drink,Snacks,PT0M,,
petrol 1.11e,expense,1.11,EUR,fuel,Petrol,PT0M,,
+8.46e stonks 21 hours ago,income,8.46,EUR,investment_income,Stonks,-PT21H,,
transfer salary bank 35.54€ to savings bank -12d,transfer,35.54,EUR,transfer,Transfer,-P12D,Salary Bank,Savings Bank
+€111.11 family_member_b,income,111.11,EUR,family_support,family_member_b,PT0M,,
spent 0.11€ bus,expense,0.11,EUR,transport,Bus,PT0M,,
atr 0.42 USD,expense,0.42,USD,transport,AtR,PT0M,,
atr 23.97 den,expense,23.97,MKD,transport,AtR,PT0M,,
spent 0.39 eur rta,expense,0.39,EUR,transport,RtA,PT0M,,
juice -0.11€,expense,0.11,EUR,food_drink,Juice,PT0M,,
juice 0.67 eur 20 hours ago,expense,0.67,EUR,food_drink,Juice,-PT20H,,
got +41.1 den person_b 20 hours ago,income,41.1,MKD,other_income,person_b,-PT20H,,
bus -0.11e,expense,0.11,EUR,transport,Bus,PT0M,,
netflix -2.21 eur 22d ago,expense,2.21,EUR,entertainment,Netflix,-P22D,,
person_b $36.14,expense,36.14,USD,peer_transfer,person_b,PT0M,,
+1.11€ person_j 22 days ago,income,1.11,EUR,other_income,person_j,-P22D,,
snacks -€1.78,expense,1.78,EUR,food_drink,Snacks,PT0M,,
spent €0.56 juice,expense,0.56,EUR,food_drink,Juice,PT0M,,
spent 34.25 den adjust balance -6d,expense,34.25,MKD,balance_adjustment,Adjust balance,-P6D,,
atr -€0.39,expense,0.39,EUR,transport,AtR,PT0M,,
spent 0.11€ bus,expense,0.11,EUR,transport,Bus,PT0M,,
spent 18.89€ family_member_a,expense,18.89,EUR,peer_transfer,family_member_a,PT0M,,
spent 1711.64 den shoes 8 days ago,expense,1711.64,MKD,shopping,Shoes,-P8D,,
haircut -1.67 eur,expense,1.67,EUR,personal_care,Haircut,PT0M,,
spent 1.11e person_b -1h,expense,1.11,EUR,peer_transfer,person_b,-PT1H,,
spent 1€ snacks +1d,expense,1,EUR,food_drink,Snacks,P1D,,
spent €144.44 family_member_b -30d,expense,144.44,EUR,peer_transfer,family_member_b,-P30D,,
spent 0.67 eur breakfast 13 days ago,expense,0.67,EUR,food_drink,Breakfast,-P13D,,
petrol 1.11 eur,expense,1.11,EUR,fuel,Petrol,PT0M,,
snacks -2.78€,expense,2.78,EUR,food_drink,Snacks,PT0M,,
settle -$0.06 19 hours ago,expense,0.06,USD,other,Settle,-PT19H,,
+€252.22 salary 21h ago,income,252.22,EUR,salary,Salary,-PT21H,,
transfer salary bank 2823.97 ден to savings bank,transfer,2823.97,MKD,transfer,Transfer,PT0M,Salary Bank,Savings Bank
ice cream -€0.78,expense,0.78,EUR,food_drink,Ice cream,PT0M,,
juice 0.44 eur,expense,0.44,EUR,food_drink,Juice,PT0M,,
spent 0.22€ auto,expense,0.22,EUR,transport,Auto,PT0M,,
bus -0.11€ -3h,expense,0.11,EUR,transport,Bus,-PT3H,,
bus 0.12usd,expense,0.12,USD,transport,Bus,PT0M,,
spent 0.39 eur rta 14 hours ago,expense,0.39,EUR,transport,RtA,-PT14H,,
atr 23.97 MKD,expense,23.97,MKD,transport,AtR,PT0M,,
recharge 2.22e cash to metro card,transfer,2.22,EUR,transfer,Recharge,PT0M,Cash,Metro Card
adjust balance -€1.17 11h ago,expense,1.17,EUR,balance_adjustment,Adjust balance,-PT11H,,
spent 0.33 eur bus,expense,0.33,EUR,transport,Bus,PT0M,,
spent €0.11 juice 19d ago,expense,0.11,EUR,food_drink,Juice,-P19D,,
spent 0.89e snacks,expense,0.89,EUR,food_drink,Snacks,PT0M,,
withdraw 5.56€ salary bank to cash -20d,transfer,5.56,EUR,transfer,Withdraw,-P20D,Salary Bank,Cash
spent 0.39 eur rta 7 days ago,expense,0.39,EUR,transport,RtA,-P7D,,
family_member_a 5.56€ 8 hours ago,expense,5.56,EUR,peer_transfer,family_member_a,-PT8H,,
recharge 3.12 USD 5 hours ago,expense,3.12,USD,utilities,Recharge,-PT5H,,
+1369.86 den family_member_b,income,1369.86,MKD,family_support,family_member_b,PT0M,,
stonks 2.56€ 9 hours ago,expense,2.56,EUR,financial,Stonks,-PT9H,,
spent 136.99 MKD petrol,expense,136.99,MKD,fuel,Petrol,PT0M,,
rta -0.39e -4d,expense,0.39,EUR,transport,RtA,-P4D,,
snacks 0.28€ tomorrow,expense,0.28,EUR,food_drink,Snacks,P1D,,
rta 0.39 eur,expense,0.39,EUR,transport,RtA,PT0M,,
shawarma 🌯 -2.89e 18d ago,expense,2.89,EUR,food_drink,Shawarma 🌯,-P18D,,
bus pass €4.78,expense,4.78,EUR,transport,Bus pass,PT0M,,
spent 0.39€ rta 3 days ago,expense,0.39,EUR,transport,RtA,-P3D,,
adjust balance €1.22,expense,1.22,EUR,balance_adjustment,Adjust balance,PT0M,,
spent 0.33€ snacks -25d,expense,0.33,EUR,food_drink,Snacks,-P25D,,
rent 45.78 dollar,expense,45.78,USD,housing,Rent,PT0M,,
juice -0.44e,expense,0.44,EUR,food_drink,Juice,PT0M,,
snacks -0.22 eur,expense,0.22,EUR,food_drink,Snacks,PT0M,,
rta 0.39 eur,expense,0.39,EUR,transport,RtA,PT0M,,
spent €0.82 bike 5h ago,expense,0.82,EUR,transport,Bike,-PT5H,,
snacks 71.92 MKD 13 hours ago,expense,71.92,MKD,food_drink,Snacks,-PT13H,,
snacks 0.33e,expense,0.33,EUR,food_drink,Snacks,PT0M,,
bandages -0.09€,expense,0.09,EUR,health,Bandages,PT0M,,
spent 22.22€ family_member_a tomorrow,expense,22.22,EUR,peer_transfer,family_member_a,P1D,,
spent 0.67e doc,expense,0.67,EUR,health,Doc,PT0M,,
juice €1 2h ago,expense,1,EUR,food_drink,Juice,-PT2H,,
shawarma 🌯 -1.67€,expense,1.67,EUR,food_drink,Shawarma 🌯,PT0M,,
spent 0.33e breakfast,expense,0.33,EUR,food_drink,Breakfast,PT0M,,
spent 20.55mkd jalebi -3d,expense,20.55,MKD,food_drink,Jalebi,-P3D,,
family_member_a 11.11e,expense,11.11,EUR,peer_transfer,family_member_a,PT0M,,
spent 0.11 eur juice,expense,0.11,EUR,food_drink,Juice,PT0M,,
spent 2.22e petrol,expense,2.22,EUR,fuel,Petrol,PT0M,,
spent 0.11e snacks,expense,0.11,EUR,food_drink,Snacks,PT0M,,
breakfast -0.33€,expense,0.33,EUR,food_drink,Breakfast,PT0M,,
snacks 0.67€ 29d ago,expense,0.67,EUR,food_drink,Snacks,-P29D,,
rta -23.97 ден,expense,23.97,MKD,transport,RtA,PT0M,,
adjust balance -0.28 eur,expense,0.28,EUR,balance_adjustment,Adjust balance,PT0M,,
atr €0.39,expense,0.39,EUR,transport,AtR,PT0M,,
spent 0.11€ bus 10 hours ago,expense,0.11,EUR,transport,Bus,-PT10H,,
withdraw €2.22 salary bank to cash,transfer,2.22,EUR,transfer,Withdraw,PT0M,Salary Bank,Cash
recharge 2.78e salary bank to metro card 2d ago,transfer,2.78,EUR,transfer,Recharge,-P2D,Salary Bank,Metro Card
rta €0.39 29d ago,expense,0.39,EUR,transport,RtA,-P29D,,
spent 6.85 MKD snacks,expense,6.85,MKD,food_drink,Snacks,PT0M,,
spent 0.39 eur atr,expense,0.39,EUR,transport,AtR,PT0M,,
spent 1.39€ rb 🐂,expense,1.39,EUR,food_drink,RB 🐂,PT0M,,
family_member_a $12.05,expense,12.05,USD,peer_transfer,family_member_a,PT0M,,
netflix -1.1€ 9 days ago,expense,1.1,EUR,entertainment,Netflix,-P9D,,
spent 0.42usd atr 3h ago,expense,0.42,USD,transport,AtR,-PT3H,,
bus -0.11 eur 12 hours ago,expense,0.11,EUR,transport,Bus,-PT12H,,
spent 23.97 ден rta,expense,23.97,MKD,transport,RtA,PT0M,,
snacks -0.22€,expense,0.22,EUR,food_drink,Snacks,PT0M,,
snacks 0.28 eur,expense,0.28,EUR,food_drink,Snacks,PT0M,,
spent 23.97 MKD rta,expense,23.97,MKD,transport,RtA,PT0M,,
atr 0.39€ 20h ago,expense,0.39,EUR,transport,AtR,-PT20H,,
spent €0.89 family_member_a -19d,expense,0.89,EUR,peer_transfer,family_member_a,-P19D,,
recharge salary bank 2.22 eur to metro card,transfer,2.22,EUR,transfer,Recharge,PT0M,Salary Bank,Metro Card
snacks -0.67 eur 6 hours ago,expense,0.67,EUR,food_drink,Snacks,-PT6H,,
laptop fixes $1.81 22d ago,expense,1.81,USD,shopping,Laptop fixes,-P22D,,
juice €1.11,expense,1.11,EUR,food_drink,Juice,PT0M,,
snacks 102.74 MKD 2h ago,expense,102.74,MKD,food_drink,Snacks,-PT2H,,
cab -4.66e,expense,4.66,EUR,transport,Cab,PT0M,,
spent 5.29€ can tmr,expense,5.29,EUR,other,Can,P1D,,
spent $25.95 dinner,expense,25.95,USD,other,Dinner,PT0M,,
spent 684.93mkd gym,expense,684.93,MKD,health,Gym,PT0M,,
snacks -€0.67 12h ago,expense,0.67,EUR,food_drink,Snacks,-PT12H,,
spent €0.39 atr,expense,0.39,EUR,transport,AtR,PT0M,,
rta 23.97mkd -18h,expense,23.97,MKD,transport,RtA,-PT18H,,
spent 60.24usd family_member_a -17d,expense,60.24,USD,peer_transfer,family_member_a,-P17D,,
fancode -6.66 eur -7d,expense,6.66,EUR,entertainment,Fancode,-P7D,,
snacks -41.1 ден 22h ago,expense,41.1,MKD,food_drink,Snacks,-PT22H,,
got +252.22e salary 14d ago,income,252.22,EUR,salary,Salary,-P14D,,
spent 0.5 eur adjust balance in 1d,expense,0.5,EUR,balance_adjustment,Adjust balance,P1D,,
petrol -€1.11 tomorrow,expense,1.11,EUR,fuel,Petrol,P1D,,
family_member_a -€1.11,expense,1.11,EUR,peer_transfer,family_member_a,PT0M,,
family_member_b -€1.67,expense,1.67,EUR,peer_transfer,family_member_b,PT0M,,
bus -0.11€ -12d,expense,0.11,EUR,transport,Bus,-P12D,,
rta -€0.39,expense,0.39,EUR,transport,RtA,PT0M,,
snacks -0.67 eur -13h,expense,0.67,EUR,food_drink,Snacks,-PT13H,,
atr 0.39 eur 12 hours ago,expense,0.39,EUR,transport,AtR,-PT12H,,
spent €0.17 adjust balance -30d,expense,0.17,EUR,balance_adjustment,Adjust balance,-P30D,,
bus -6.85 den 17 hours ago,expense,6.85,MKD,transport,Bus,-PT17H,,
spent 0.42 USD rta 11h ago,expense,0.42,USD,transport,RtA,-PT11H,,
shawarma 🌯 1.56 eur -1h,expense,1.56,EUR,food_drink,Shawarma 🌯,-PT1H,,
bus -0.11€ 3h ago,expense,0.11,EUR,transport,Bus,-PT3H,,
spent 0.39e snacks,expense,0.39,EUR,food_drink,Snacks,PT0M,,
atr 23.97mkd,expense,23.97,MKD,transport,AtR,PT0M,,
withdraw savings bank €5.56 to cash,transfer,5.56,EUR,transfer,Withdraw,PT0M,Savings Bank,Cash
bus -0.11€,expense,0.11,EUR,transport,Bus,PT0M,,
snacks -0.67€ -18h,expense,0.67,EUR,food_drink,Snacks,-PT18H,,
recharge savings bank €2.22 to metro card,transfer,2.22,EUR,transfer,Recharge,PT0M,Savings Bank,Metro Card
got +10.44€ adjust balance 12h ago,income,10.44,EUR,balance_adjustment,Adjust balance,-PT12H,,
adjust balance -€0.11,expense,0.11,EUR,balance_adjustment,Adjust balance,PT0M,,
spent 6.85 den bus,expense,6.85,MKD,transport,Bus,PT0M,,
atr -0.39€,expense,0.39,EUR,transport,AtR,PT0M,,
rta -0.39 eur,expense,0.39,EUR,transport,RtA,PT0M,,
family_member_a -2.22e,expense,2.22,EUR,peer_transfer,family_member_a,PT0M,,
family_member_b -0.56 eur -18d,expense,0.56,EUR,peer_transfer,family_member_b,-P18D,,
snacks -0.56 eur 9 hours ago,expense,0.56,EUR,food_drink,Snacks,-PT9H,,
spent 23.97 ден snacks,expense,23.97,MKD,food_drink,Snacks,PT0M,,
spent $0.3 snacks,expense,0.3,USD,food_drink,Snacks,PT0M,,
bus 0.11e 23d ago,expense,0.11,EUR,transport,Bus,-P23D,,
spent 0.39e rta,expense,0.39,EUR,transport,RtA,PT0M,,
bus -0.11€,expense,0.11,EUR,transport,Bus,PT0M,,
atr -23.97 MKD,expense,23.97,MKD,transport,AtR,PT0M,,
bb -0.56€,expense,0.56,EUR,other,Bb,PT0M,,
spent 0.11e bus 16d ago,expense,0.11,EUR,transport,Bus,-P16D,,
rta 0.39€,expense,0.39,EUR,transport,RtA,PT0M,,
spent 2€ stonks,expense,2,EUR,financial,Stonks,PT0M,,
bus -0.11€ 7h ago,expense,0.11,EUR,transport,Bus,-PT7H,,
atr -23.97 ден,expense,23.97,MKD,transport,AtR,PT0M,,
snacks 0.33€,expense,0.33,EUR,food_drink,Snacks,PT0M,,
spent 0.12 dollar bus,expense,0.12,USD,transport,Bus,PT0M,,
rta -€0.39,expense,0.39,EUR,transport,RtA,PT0M,,
recharge 2.88 eur,expense,2.88,EUR,utilities,Recharge,PT0M,,
play store 0.11usd -29d,expense,0.11,USD,entertainment,Play store,-P29D,,
bus -€0.11,expense,0.11,EUR,transport,Bus,PT0M,,
spent 0.39e rta -3h,expense,0.39,EUR,transport,RtA,-PT3H,,
spent 0.39 eur atr,expense,0.39,EUR,transport,AtR,PT0M,,
bus -0.11€,expense,0.11,EUR,transport,Bus,PT0M,,
rta -23.97mkd,expense,23.97,MKD,transport,RtA,PT0M,,
spent €0.39 atr 27d ago,expense,0.39,EUR,transport,AtR,-P27D,,
recharge €3.33 savings bank to metro card 25 days ago,transfer,3.33,EUR,transfer,Recharge,-P25D,Savings Bank,Metro Card
withdraw savings bank 2.56 eur to cash,transfer,2.56,EUR,transfer,Withdraw,PT0M,Savings Bank,Cash
biryani 🍚 -€2.78,expense,2.78,EUR,food_drink,Biryani 🍚,PT0M,,
juice €0.44 3 hours ago,expense,0.44,EUR,food_drink,Juice,-PT3H,,
snacks -0.44 eur -22h,expense,0.44,EUR,food_drink,Snacks,-PT22H,,
spent 1.67 eur book 2 hours ago,expense,1.67,EUR,education,Book,-PT2H,,
entry fee 0.56e,expense,0.56,EUR,entertainment,Entry fee,PT0M,,
bus pass -4.78€ 22h ago,expense,4.78,EUR,transport,Bus pass,-PT22H,,
spent 0.24usd juice,expense,0.24,USD,food_drink,Juice,PT0M,,
spent €0.18 adjust balance 19d ago,expense,0.18,EUR,balance_adjustment,Adjust balance,-P19D,,
got +1.44€ adjust balance,income,1.44,EUR,balance_adjustment,Adjust balance,PT0M,,
spent 0.39e rta 4 hours ago,expense,0.39,EUR,transport,RtA,-PT4H,,
spent 0.39 eur atr 19d ago,expense,0.39,EUR,transport,AtR,-P19D,,
rta 23.97 ден 27 days ago,expense,23.97,MKD,transport,RtA,-P27D,,
snack €1.11,expense,1.11,EUR,food_drink,Snack,PT0M,,
spent 1.2 USD petrol 19d ago,expense,1.2,USD,fuel,Petrol,-P19D,,
spent 1.11€ petrol,expense,1.11,EUR,fuel,Petrol,PT0M,,
rta 0.42 USD,expense,0.42,USD,transport,RtA,PT0M,,
recharge 136.99 ден savings bank to metro card tmr,transfer,136.99,MKD,transfer,Recharge,P1D,Savings Bank,Metro Card
spent €0.39 atr,expense,0.39,EUR,transport,AtR,PT0M,,
bus 0.11€ 14 days ago,expense,0.11,EUR,transport,Bus,-P14D,,
spent 0.39€ rta,expense,0.39,EUR,transport,RtA,PT0M,,
bus 0.11 eur -20d,expense,0.11,EUR,transport,Bus,-P20D,,
got +€0.02 adjust balance 16d ago,income,0.02,EUR,balance_adjustment,Adjust balance,-P16D,,
snacks 89.04 ден 17 hours ago,expense,89.04,MKD,food_drink,Snacks,-PT17H,,
spent €0.5 snacks,expense,0.5,EUR,food_drink,Snacks,PT0M,,
auto -0.22e,expense,0.22,EUR,transport,Auto,PT0M,,
snacks -1.61e 21h ago,expense,1.61,EUR,food_drink,Snacks,-PT21H,,
pants €11.09 13 days ago,expense,11.09,EUR,shopping,Pants,-P13D,,
spent 69.86 ден ice cream -18h,expense,69.86,MKD,food_drink,Ice cream,-PT18H,,
spent 2.74€ pizza,expense,2.74,EUR,food_drink,Pizza,PT0M,,
shirt -11.1€ -16h,expense,11.1,EUR,shopping,Shirt,-PT16H,,
pant 8.88e,expense,8.88,EUR,shopping,Pant,PT0M,,
rta €0.39,expense,0.39,EUR,transport,RtA,PT0M,,
spent €0.01 upi lite +1d,expense,0.01,EUR,financial,UPI lite,P1D,,
spent 4.89 eur bus pass,expense,4.89,EUR,transport,Bus Pass,PT0M,,
family_member_a 11.11 eur,expense,11.11,EUR,peer_transfer,family_member_a,PT0M,,
withdraw savings bank 4.44e to cash,transfer,4.44,EUR,transfer,Withdraw,PT0M,Savings Bank,Cash
snacks 1€,expense,1,EUR,food_drink,Snacks,PT0M,,
exam 273.97mkd,expense,273.97,MKD,education,Exam,PT0M,,
adjust balance €0.44,expense,0.44,EUR,balance_adjustment,Adjust balance,PT0M,,
+0.05e stonks 5h ago,income,0.05,EUR,investment_income,Stonks,-PT5H,,
family_member_a birthday 574.66 MKD,expense,574.66,MKD,peer_transfer,family_member_a birthday,PT0M,,
auto -€0.22 -28d,expense,0.22,EUR,transport,Auto,-P28D,,
family_member_a -22.22€,expense,22.22,EUR,peer_transfer,family_member_a,PT0M,,
petrol -€2.22,expense,2.22,EUR,fuel,Petrol,PT0M,,
spent 3.32e book 27 days ago,expense,3.32,EUR,education,Book,-P27D,,
netflix -1.1€,expense,1.1,EUR,entertainment,Netflix,PT0M,,
snacks -$0.48,expense,0.48,USD,food_drink,Snacks,PT0M,,
petrol €1.11,expense,1.11,EUR,fuel,Petrol,PT0M,,
person_b -1.11€ 2h ago,expense,1.11,EUR,peer_transfer,person_b,-PT2H,,
gym $12.05 in 1d,expense,12.05,USD,health,Gym,P1D,,
milk -60.27 den tomorrow,expense,60.27,MKD,groceries,Milk,P1D,,
petrol 68.49 MKD,expense,68.49,MKD,fuel,Petrol,PT0M,,
person_c 2.22€ 14 hours ago,expense,2.22,EUR,peer_transfer,person_c,-PT14H,,
family_member_a -€55.56 19d ago,expense,55.56,EUR,peer_transfer,family_member_a,-P19D,,
snacks $0.72,expense,0.72,USD,food_drink,Snacks,PT0M,,
+1.11€ person_b 18 hours ago,income,1.11,EUR,other_income,person_b,-PT18H,,
spent 68.49 ден petrol,expense,68.49,MKD,fuel,Petrol,PT0M,,
salary +252.22 eur,income,252.22,EUR,salary,Salary,PT0M,,
family_member_a 68.49 den,expense,68.49,MKD,peer_transfer,family_member_a,PT0M,,
+€2.22 person_c -2h,income,2.22,EUR,other_income,person_c,-PT2H,,
spent €1.11 oil 21 days ago,expense,1.11,EUR,groceries,Oil,-P21D,,
+€1.11 family_member_a -10h,income,1.11,EUR,family_support,family_member_a,-PT10H,,
rta €0.39 5 hours ago,expense,0.39,EUR,transport,RtA,-PT5H,,
spent 7.78e tire,expense,7.78,EUR,vehicle_maintenance,Tire,PT0M,,
+0.29 eur adjust balance,income,0.29,EUR,balance_adjustment,Adjust balance,PT0M,,
spent 2.78e petrol,expense,2.78,EUR,fuel,Petrol,PT0M,,
noodles -0.67e,expense,0.67,EUR,food_drink,Noodles,PT0M,,
spent 0.06usd xerox 21 hours ago,expense,0.06,USD,education,Xerox,-PT21H,,
xerox -0.3e -17h,expense,0.3,EUR,education,Xerox,-PT17H,,
snacks €0.56 28d ago,expense,0.56,EUR,food_drink,Snacks,-P28D,,
spent 82.19 MKD snacks 23 hours ago,expense,82.19,MKD,food_drink,Snacks,-PT23H,,
atr 0.39 eur,expense,0.39,EUR,transport,AtR,PT0M,,
adjust balance -0.01€,expense,0.01,EUR,balance_adjustment,Adjust Balance,PT0M,,
spent 3.33€ license,expense,3.33,EUR,financial,License,PT0M,,
spent 78.77 MKD snacks 2h ago,expense,78.77,MKD,food_drink,Snacks,-PT2H,,
spent 0.33€ grand original,expense,0.33,EUR,other,Grand original,PT0M,,
shampoo -0.04 eur,expense,0.04,EUR,personal_care,Shampoo,PT0M,,
haircut 1.67 eur,expense,1.67,EUR,personal_care,Haircut,PT0M,,
recharge 2.88€ 15d ago,expense,2.88,EUR,utilities,Recharge,-P15D,,
auto 0.22e,expense,0.22,EUR,transport,Auto,PT0M,,
spent 0.24 USD auto,expense,0.24,USD,transport,Auto,PT0M,,
snacks €1.23 17 days ago,expense,1.23,EUR,food_drink,Snacks,-P17D,,
juice 13.7 den,expense,13.7,MKD,food_drink,Juice,PT0M,,
shawarma 🌯 -1.44€ -17h,expense,1.44,EUR,food_drink,Shawarma 🌯,-PT17H,,
bike 0.33€ 9 days ago,expense,0.33,EUR,transport,Bike,-P9D,,
auto -13.7 den,expense,13.7,MKD,transport,Auto,PT0M,,
rent -38.89e 21 days ago,expense,38.89,EUR,housing,Rent,-P21D,,
juice 0.83e,expense,0.83,EUR,food_drink,Juice,PT0M,,
spent €0.01 recharge,expense,0.01,EUR,utilities,Recharge,PT0M,,
snack €0.33,expense,0.33,EUR,food_drink,Snack,PT0M,,
spent €0.67 snacks tomorrow,expense,0.67,EUR,food_drink,Snacks,P1D,,
spent €0.22 auto,expense,0.22,EUR,transport,Auto,PT0M,,
spent 0.39e rta in 1d,expense,0.39,EUR,transport,RtA,P1D,,
burger am 1.1e,expense,1.1,EUR,food_drink,Burger AM,PT0M,,
breakfast -0.33 eur 19h ago,expense,0.33,EUR,food_drink,Breakfast,-PT19H,,
aloo bhujia -0.11€ 6 hours ago,expense,0.11,EUR,food_drink,Aloo bhujia,-PT6H,,
got +10.96 MKD adjust balance,income,10.96,MKD,balance_adjustment,Adjust balance,PT0M,,
something €0.06,expense,0.06,EUR,other,Something,PT0M,,
stonks -4.44€,expense,4.44,EUR,financial,Stonks,PT0M,,
bus 0.12 dollar,expense,0.12,USD,transport,Bus,PT0M,,
atr -23.97 ден -18h,expense,23.97,MKD,transport,AtR,-PT18H,,
atr -0.39e,expense,0.39,EUR,transport,AtR,PT0M,,
auto -€0.22,expense,0.22,EUR,transport,Auto,PT0M,,
person_c payup -2.41usd tmr,expense,2.41,USD,peer_transfer,person_c PayUp,P1D,,
adjust balance €0.56 23 hours ago,expense,0.56,EUR,balance_adjustment,Adjust balance,-PT23H,,
adjust balance -€0.22 19 days ago,expense,0.22,EUR,balance_adjustment,Adjust balance,-P19D,,
person_c payup +€2.22,income,2.22,EUR,other_income,person_c PayUp,PT0M,,
rta 0.39€ tomorrow,expense,0.39,EUR,transport,RtA,P1D,,
recharge 1.11€ savings bank to metro card 11 hours ago,transfer,1.11,EUR,transfer,Recharge,-PT11H,Savings Bank,Metro Card
bus -0.24 dollar,expense,0.24,USD,transport,Bus,PT0M,,
payup 191.78 MKD,expense,191.78,MKD,peer_transfer,Payup,PT0M,,
scholarship -€0.44,expense,0.44,EUR,other,Scholarship,PT0M,,
juice 0.28€ -4d,expense,0.28,EUR,food_drink,Juice,-P4D,,
spent 7.23usd gala nyt 18d ago,expense,7.23,USD,entertainment,Gala nyt,-P18D,,
spent €0.17 parking,expense,0.17,EUR,parking,Parking,PT0M,,
spent 0.8e stationary 20 days ago,expense,0.8,EUR,education,Stationary,-P20D,,
auto -0.22€ 15 hours ago,expense,0.22,EUR,transport,Auto,-PT15H,,
bus 0.11e,expense,0.11,EUR,transport,Bus,PT0M,,
auto -13.7 MKD,expense,13.7,MKD,transport,Auto,PT0M,,
spent 0.72 USD snacks,expense,0.72,USD,food_drink,Snacks,PT0M,,
spent 13.7 MKD auto,expense,13.7,MKD,transport,Auto,PT0M,,
spent €0.22 auto,expense,0.22,EUR,transport,Auto,PT0M,,
snacks 0.56e 19d ago,expense,0.56,EUR,food_drink,Snacks,-P19D,,
spent $0.24 auto 14 days ago,expense,0.24,USD,transport,Auto,-P14D,,
bus -0.11e 15d ago,expense,0.11,EUR,transport,Bus,-P15D,,
cake €3.33 6 days ago,expense,3.33,EUR,food_drink,Cake,-P6D,,
party -3.89€,expense,3.89,EUR,entertainment,Party,PT0M,,
spent 0.33 eur breakfast,expense,0.33,EUR,food_drink,Breakfast,PT0M,,
got +0.33 eur person_i payback -9d,income,0.33,EUR,other_income,person_i Payback,-P9D,,
spent 1.11 eur snacks,expense,1.11,EUR,food_drink,Snacks,PT0M,,
transfer €1.11 cash to savings bank,transfer,1.11,EUR,transfer,Transfer,PT0M,Cash,Savings Bank
bus 0.11 eur,expense,0.11,EUR,transport,Bus,PT0M,,
auto -0.22e,expense,0.22,EUR,transport,Auto,PT0M,,
got +$37.71 salary,income,37.71,USD,salary,Salary,PT0M,,
breakfast -€0.33 4 days ago,expense,0.33,EUR,food_drink,Breakfast,-P4D,,
auto -0.22 eur,expense,0.22,EUR,transport,Auto,PT0M,,
auto 0.24 dollar 5 hours ago,expense,0.24,USD,transport,Auto,-PT5H,,
spent 0.39 eur stationary,expense,0.39,EUR,education,Stationary,PT0M,,
spent 0.12 dollar bus,expense,0.12,USD,transport,Bus,PT0M,,
spent 0.33e snacks 23 days ago,expense,0.33,EUR,food_drink,Snacks,-P23D,,
lunch 0.78€,expense,0.78,EUR,food_drink,Lunch,PT0M,,
spent 0.5e adjust balance -20h,expense,0.5,EUR,balance_adjustment,Adjust balance,-PT20H,,
breakfast -0.39e tomorrow,expense,0.39,EUR,food_drink,Breakfast,P1D,,
bread -47.95 ден,expense,47.95,MKD,groceries,Bread,PT0M,,
lunch -$2.65 5d ago,expense,2.65,USD,food_drink,Lunch,-P5D,,
tea -0.22 eur,expense,0.22,EUR,food_drink,Tea,PT0M,,
water -0.22e,expense,0.22,EUR,food_drink,Water,PT0M,,
breakfast -€0.67,expense,0.67,EUR,food_drink,Breakfast,PT0M,,
breakfast -0.44 eur 12h ago,expense,0.44,EUR,food_drink,Breakfast,-PT12H,,
spent 2.08€ chicken keema,expense,2.08,EUR,food_drink,Chicken keema,PT0M,,
+0.33€ interest,income,0.33,EUR,interest,Interest,PT0M,,
breakfast €0.33 16h ago,expense,0.33,EUR,food_drink,Breakfast,-PT16H,,
coffee -2.74 MKD,expense,2.74,MKD,food_drink,Coffee,PT0M,,
spent 6.85 ден coffee -4d,expense,6.85,MKD,food_drink,Coffee,-P4D,,
recharge 2.88 eur 15 hours ago,expense,2.88,EUR,utilities,Recharge,-PT15H,,
snacks 0.72 dollar,expense,0.72,USD,food_drink,Snacks,PT0M,,
payup +2.22e 9 hours ago,income,2.22,EUR,other_income,Payup,-PT9H,,
payup +€7.78 6h ago,income,7.78,EUR,other_income,Payup,-PT6H,,
auto 13.7mkd,expense,13.7,MKD,transport,Auto,PT0M,,
ticket refund +116.82 den -30d,income,116.82,MKD,refund,Ticket refund,-P30D,,
juice $1.57,expense,1.57,USD,food_drink,Juice,PT0M,,
+0.44 eur payup,income,0.44,EUR,other_income,Payup,PT0M,,
spent 1.89e pizza,expense,1.89,EUR,food_drink,Pizza,PT0M,,
tickets 4.53 dollar -25d,expense,4.53,USD,entertainment,Tickets,-P25D,,
spent 17.22€ gift 🎁,expense,17.22,EUR,gifts,Gift 🎁,PT0M,,
got +0.93 eur stonks return,income,0.93,EUR,investment_income,Stonks Return,PT0M,,
shawarma 🌯 3.67e 12 days ago,expense,3.67,EUR,food_drink,Shawarma 🌯,-P12D,,
snacks -0.61€ 4 hours ago,expense,0.61,EUR,food_drink,Snacks,-PT4H,,
spent 176.64mkd recharge -20d,expense,176.64,MKD,utilities,Recharge,-P20D,,
bus 0.11€ -11h,expense,0.11,EUR,transport,Bus,-PT11H,,
spent 0.22 eur auto 2d ago,expense,0.22,EUR,transport,Auto,-P2D,,
snacks -0.39€ +1d,expense,0.39,EUR,food_drink,Snacks,P1D,,
cashback +0.03€,income,0.03,EUR,rewards,Cashback,PT0M,,
got +205.48 MKD adjust balance,income,205.48,MKD,balance_adjustment,Adjust balance,PT0M,,
+0.02 eur adjust balance,income,0.02,EUR,balance_adjustment,Adjust balance,PT0M,,
weekend €3.22 tmr,expense,3.22,EUR,other,Weekend,P1D,,
card maintenance 3.28 eur 8h ago,expense,3.28,EUR,utilities,Card maintenance,-PT8H,,
bus pass -4.78€,expense,4.78,EUR,transport,Bus Pass,PT0M,,
auto 0.22e,expense,0.22,EUR,transport,Auto,PT0M,,
+0.33e person_i payback,income,0.33,EUR,other_income,person_i Payback,PT0M,,
got +0.44€ person_c payup,income,0.44,EUR,other_income,person_c PayUp,PT0M,,
juice -27.4 MKD +1d,expense,27.4,MKD,food_drink,Juice,P1D,,
snacks -71.92 den,expense,71.92,MKD,food_drink,Snacks,PT0M,,
auto 0.22e 10d ago,expense,0.22,EUR,transport,Auto,-P10D,,
spent €0.78 snacks +1d,expense,0.78,EUR,food_drink,Snacks,P1D,,
snacks -0.33 eur,expense,0.33,EUR,food_drink,Snacks,PT0M,,
biryani -$6.27,expense,6.27,USD,food_drink,Biryani,PT0M,,
bus -0.11€ -6h,expense,0.11,EUR,transport,Bus,-PT6H,,
spent 0.11 eur bus,expense,0.11,EUR,transport,Bus,PT0M,,
spent 13.7 ден auto,expense,13.7,MKD,transport,Auto,PT0M,,
auto -13.7 ден,expense,13.7,MKD,transport,Auto,PT0M,,
spent €0.11 bus 21h ago,expense,0.11,EUR,transport,Bus,-PT21H,,
spent 0.02 eur adjust balance,expense,0.02,EUR,balance_adjustment,Adjust balance,PT0M,,
snacks -0.33e,expense,0.33,EUR,food_drink,Snacks,PT0M,,
auto -0.24 dollar,expense,0.24,USD,transport,Auto,PT0M,,
bonda €0.33 -25d,expense,0.33,EUR,food_drink,Bonda,-P25D,,
snacks 1.57usd 2 hours ago,expense,1.57,USD,food_drink,Snacks,-PT2H,,
got +0.28€ gpay,income,0.28,EUR,other_income,Gpay,PT0M,,
auto 0.22 eur 8h ago,expense,0.22,EUR,transport,Auto,-PT8H,,
spent 0.78 eur snacks,expense,0.78,EUR,food_drink,Snacks,PT0M,,
spent 0.06e adjust balance,expense,0.06,EUR,balance_adjustment,Adjust balance,PT0M,,
printouts -0.11€,expense,0.11,EUR,education,Printouts,PT0M,,
spent 0.17€ coke,expense,0.17,EUR,food_drink,Coke,PT0M,,
got +1.06€ adjust balance 12 days ago,income,1.06,EUR,balance_adjustment,Adjust balance,-P12D,,
auto -€0.22,expense,0.22,EUR,transport,Auto,PT0M,,
spent €5.56 withdraw in 1d,expense,5.56,EUR,other,Withdraw,P1D,,
auto -0.22e,expense,0.22,EUR,transport,Auto,PT0M,,
adjust balance 13.7 den,expense,13.7,MKD,balance_adjustment,Adjust balance,PT0M,,
bus -0.11 eur,expense,0.11,EUR,transport,Bus,PT0M,,
bus 6.85mkd,expense,6.85,MKD,transport,Bus,PT0M,,
withdraw savings bank 82.19 MKD to cash,transfer,82.19,MKD,transfer,Withdraw,PT0M,Savings Bank,Cash
spent €0.22 auto,expense,0.22,EUR,transport,Auto,PT0M,,
+0.89€ adjust balance,income,0.89,EUR,balance_adjustment,Adjust balance,PT0M,,
auto 0.22€,expense,0.22,EUR,transport,Auto,PT0M,,
bus €0.11 3 days ago,expense,0.11,EUR,transport,Bus,-P3D,,
bus -0.11 eur -27d,expense,0.11,EUR,transport,Bus,-P27D,,
auto 0.22 eur 13 days ago,expense,0.22,EUR,transport,Auto,-P13D,,
snacks -0.83€ 1h ago,expense,0.83,EUR,food_drink,Snacks,-PT1H,,
jalebi 0.56€ tomorrow,expense,0.56,EUR,food_drink,Jalebi,P1D,,
bus €0.11 -11d,expense,0.11,EUR,transport,Bus,-P11D,,
auto 0.22 eur,expense,0.22,EUR,transport,Auto,PT0M,,
bus -0.11€ 19 hours ago,expense,0.11,EUR,transport,Bus,-PT19H,,
spent €0.39 rta,expense,0.39,EUR,transport,RtA,PT0M,,
spent 0.22 eur bus,expense,0.22,EUR,transport,Bus,PT0M,,
spent €0.11 adjust balance,expense,0.11,EUR,balance_adjustment,Adjust balance,PT0M,,
+2.44€ person_b,income,2.44,EUR,other_income,person_b,PT0M,,
spent 0.39 eur atrr 10 hours ago,expense,0.39,EUR,transport,AtrR,-PT10H,,
rta -0.39€,expense,0.39,EUR,transport,RtA,PT0M,,
atrr -0.39 eur 4 hours ago,expense,0.39,EUR,transport,AtrR,-PT4H,,
bus 0.22€,expense,0.22,EUR,transport,Bus,PT0M,,
biryani 🍚 6.27 USD,expense,6.27,USD,food_drink,Biryani 🍚,PT0M,,
shawarma 🌯 -1.69 dollar,expense,1.69,USD,food_drink,Shawarma 🌯,PT0M,,
spent 6.13€ lunch payup -23h,expense,6.13,EUR,peer_transfer,Lunch payup,-PT23H,,
spent 111.11e family_member_a,expense,111.11,EUR,peer_transfer,family_member_a,PT0M,,
+247.59e salary,income,247.59,EUR,salary,Salary,PT0M,,
person_b -0.22€ 1h ago,expense,0.22,EUR,peer_transfer,person_b,-PT1H,,
auto €0.22,expense,0.22,EUR,transport,Auto,PT0M,,
spent 13.7 ден juice,expense,13.7,MKD,food_drink,Juice,PT0M,,
atrr -0.39e,expense,0.39,EUR,transport,AtrR,PT0M,,
bus -0.11 eur 2 hours ago,expense,0.11,EUR,transport,Bus,-PT2H,,
spent 0.33€ snacks,expense,0.33,EUR,food_drink,Snacks,PT0M,,
shampoo -0.04€ -14d,expense,0.04,EUR,personal_care,Shampoo,-P14D,,
auto -€0.22,expense,0.22,EUR,transport,Auto,PT0M,,
spent 0.21€ adjust balance 4h ago,expense,0.21,EUR,balance_adjustment,Adjust balance,-PT4H,,
spent $9.64 exam fees -30d,expense,9.64,USD,education,Exam fees,-P30D,,
snacks -0.39 eur 18 days ago,expense,0.39,EUR,food_drink,Snacks,-P18D,,
bus -0.11 eur 26 days ago,expense,0.11,EUR,transport,Bus,-P26D,,
atrr -0.39e -5d,expense,0.39,EUR,transport,AtrR,-P5D,,
spent 0.56e something 1d ago,expense,0.56,EUR,other,Something,-P1D,,
recharge savings bank 2.22e to metro card,transfer,2.22,EUR,transfer,Recharge,PT0M,Savings Bank,Metro Card
atrr €0.39,expense,0.39,EUR,transport,AtrR,PT0M,,
bus 0.11€ in 1d,expense,0.11,EUR,transport,Bus,P1D,,
curd -0.51e 18 days ago,expense,0.51,EUR,food_drink,Curd,-P18D,,
snacks 0.33€,expense,0.33,EUR,food_drink,Snacks,PT0M,,
bus 0.11€,expense,0.11,EUR,transport,Bus,PT0M,,
spent 2.22€ person_b pass,expense,2.22,EUR,peer_transfer,person_b pass,PT0M,,
atrr -€0.39 -22h,expense,0.39,EUR,transport,AtrR,-PT22H,,
recharge 2.88 eur,expense,2.88,EUR,utilities,Recharge,PT0M,,
spent €0.11 bus,expense,0.11,EUR,transport,Bus,PT0M,,
family_member_b 0.56 eur 5h ago,expense,0.56,EUR,peer_transfer,family_member_b,-PT5H,,
atr -23.97 den 10 days ago,expense,23.97,MKD,transport,AtR,-P10D,,
+0.22e adjust balance,income,0.22,EUR,balance_adjustment,Adjust balance,PT0M,,
bus pass 294.52 den,expense,294.52,MKD,transport,Bus pass,PT0M,,
spent 0.22 eur auto,expense,0.22,EUR,transport,Auto,PT0M,,
spent 6.85 ден bus 10h ago,expense,6.85,MKD,transport,Bus,-PT10H,,
withdraw 2.22 eur savings bank to cash,transfer,2.22,EUR,transfer,Withdraw,PT0M,Savings Bank,Cash
saman -1.84 USD 19 days ago,expense,1.84,USD,other,Saman,-P19D,,
bus -0.11 eur -16h,expense,0.11,EUR,transport,Bus,-PT16H,,
atr -0.39e,expense,0.39,EUR,transport,AtR,PT0M,,
rta 0.42 dollar -12h,expense,0.42,USD,transport,RtA,-PT12H,,
bus 0.11 eur,expense,0.11,EUR,transport,Bus,PT0M,,
spent 0.22 eur adjust balance 17 days ago,expense,0.22,EUR,balance_adjustment,Adjust balance,-P17D,,
spent 0.39 eur atr,expense,0.39,EUR,transport,AtR,PT0M,,
recharge €2.22 savings bank to metro card,transfer,2.22,EUR,transfer,Recharge,PT0M,Savings Bank,Metro Card
spent 0.39 eur atr,expense,0.39,EUR,transport,AtR,PT0M,,
+0.15 eur adjust balance 18 hours ago,income,0.15,EUR,balance_adjustment,Adjust balance,-PT18H,,
auto -€0.22,expense,0.22,EUR,transport,Auto,PT0M,,
family_member_b -0.22e,expense,0.22,EUR,peer_transfer,family_member_b,PT0M,,
spent 68.49 ден print,expense,68.49,MKD,education,Print,PT0M,,
atr 0.39 eur,expense,0.39,EUR,transport,AtR,PT0M,,
snacks €0.78,expense,0.78,EUR,food_drink,Snacks,PT0M,,
spent 11.67e clothes -15d,expense,11.67,EUR,shopping,Clothes,-P15D,,
clothes €17.86,expense,17.86,EUR,shopping,Clothes,PT0M,,
spent 1.17€ snacks,expense,1.17,EUR,food_drink,Snacks,PT0M,,
spent €1.56 snacks,expense,1.56,EUR,food_drink,Snacks,PT0M,,
bus -6.85 den,expense,6.85,MKD,transport,Bus,PT0M,,
auto -0.22 eur,expense,0.22,EUR,transport,Auto,PT0M,,
haircut -1.67e,expense,1.67,EUR,personal_care,Haircut,PT0M,,
spent 0.11€ bus 17 hours ago,expense,0.11,EUR,transport,Bus,-PT17H,,
spent 0.42 dollar rta,expense,0.42,USD,transport,RtA,PT0M,,
spent 23.97 ден atr,expense,23.97,MKD,transport,AtR,PT0M,,
spent 0.39e atr 18 hours ago,expense,0.39,EUR,transport,AtR,-PT18H,,
rta -23.97mkd,expense,23.97,MKD,transport,RtA,PT0M,,
bus -€0.11 13 hours ago,expense,0.11,EUR,transport,Bus,-PT13H,,
spent 0.39 eur rta,expense,0.39,EUR,transport,RtA,PT0M,,
atr 0.39e -17d,expense,0.39,EUR,transport,AtR,-P17D,,
dishtv 2.44 eur,expense,2.44,EUR,utilities,DishTV,PT0M,,
juice -0.11e 12 hours ago,expense,0.11,EUR,food_drink,Juice,-PT12H,,
recharge 2.22 eur savings bank to metro card,transfer,2.22,EUR,transfer,Recharge,PT0M,Savings Bank,Metro Card
rta -0.39 eur,expense,0.39,EUR,transport,RtA,PT0M,,
electricity -8.6e,expense,8.6,EUR,utilities,Electricity,PT0M,,
atr 23.97 ден 17 hours ago,expense,23.97,MKD,transport,AtR,-PT17H,,
rapido 0.49 eur,expense,0.49,EUR,transport,Rapido,PT0M,,
spent 0.39 eur atr,expense,0.39,EUR,transport,AtR,PT0M,,
maida 17.12 ден,expense,17.12,MKD,groceries,Maida,PT0M,,
adjust -0.33€ 10h ago,expense,0.33,EUR,balance_adjustment,Adjust,-PT10H,,
spent €1.56 person_c 5 days ago,expense,1.56,EUR,peer_transfer,person_c,-P5D,,
printouts -4.28€,expense,4.28,EUR,education,Printouts,PT0M,,
treat 7.22e 3 days ago,expense,7.22,EUR,food_drink,Treat,-P3D,,
+€26.67 person_b,income,26.67,EUR,other_income,person_b,PT0M,,
seminar print -€1.16,expense,1.16,EUR,education,Seminar print,PT0M,,
atr 0.39 eur 2h ago,expense,0.39,EUR,transport,AtR,-PT2H,,
amazon 21.1€,expense,21.1,EUR,shopping,Amazon,PT0M,,
atr -0.39 eur 23d ago,expense,0.39,EUR,transport,AtR,-P23D,,
grocery -25.79e,expense,25.79,EUR,groceries,Grocery,PT0M,,
biryani 5.78e,expense,5.78,EUR,food_drink,Biryani,PT0M,,
recharge 2.41usd savings bank to metro card 6d ago,transfer,2.41,USD,transfer,Recharge,-P6D,Savings Bank,Metro Card
atr -€0.39 3 days ago,expense,0.39,EUR,transport,AtR,-P3D,,
bus -0.11 eur 13d ago,expense,0.11,EUR,transport,Bus,-P13D,,
bus 0.11e,expense,0.11,EUR,transport,Bus,PT0M,,
shampoo -2.74 ден,expense,2.74,MKD,personal_care,Shampoo,PT0M,,
salary +7556.85mkd -1d,income,7556.85,MKD,salary,Salary,-P1D,,
spent 0.11 eur bus 3d ago,expense,0.11,EUR,transport,Bus,-P3D,,
atr -€0.39,expense,0.39,EUR,transport,AtR,PT0M,,
bus -€0.22,expense,0.22,EUR,transport,Bus,PT0M,,
bus 13.7 ден,expense,13.7,MKD,transport,Bus,PT0M,,
snacks €0.33,expense,0.33,EUR,food_drink,Snacks,PT0M,,
atr €0.39 7h ago,expense,0.39,EUR,transport,AtR,-PT7H,,
spent 0.11€ bus 16d ago,expense,0.11,EUR,transport,Bus,-P16D,,
recharge 1.11e savings bank to metro card -2d,transfer,1.11,EUR,transfer,Recharge,-P2D,Savings Bank,Metro Card
atr 23.97 ден,expense,23.97,MKD,transport,AtR,PT0M,,
spent €0.11 bus 24d ago,expense,0.11,EUR,transport,Bus,-P24D,,
person_b $2.41 -30d,expense,2.41,USD,peer_transfer,person_b,-P30D,,
spent 6.85 den bus,expense,6.85,MKD,transport,Bus,PT0M,,
adjust balance 0.39e,expense,0.39,EUR,balance_adjustment,Adjust balance,PT0M,,
adjust balance €0.49 5 hours ago,expense,0.49,EUR,balance_adjustment,Adjust balance,-PT5H,,
spent 0.67 eur person_h payup -6d,expense,0.67,EUR,peer_transfer,person_h Payup,-P6D,,
recharge 5.23 eur 1 hours ago,expense,5.23,EUR,utilities,Recharge,-PT1H,,
got +€6.67 family_member_a 19 hours ago,income,6.67,EUR,family_support,family_member_a,-PT19H,,
spent 243.84 ден biryani 🍚 4h ago,expense,243.84,MKD,food_drink,Biryani 🍚,-PT4H,,
family_member_b +2.41 USD,income,2.41,USD,family_support,family_member_b,PT0M,,
spent 1.56€ egg roll 🌯 1h ago,expense,1.56,EUR,food_drink,Egg Roll 🌯,-PT1H,,
bus pass 💳 -4.89e 13 hours ago,expense,4.89,EUR,transport,Bus Pass 💳,-PT13H,,
adjust 0.44e 26 days ago,expense,0.44,EUR,balance_adjustment,Adjust,-P26D,,
rapido 🚲 €0.82,expense,0.82,EUR,transport,Rapido 🚲,PT0M,,
adjust -0.11e 7 hours ago,expense,0.11,EUR,balance_adjustment,Adjust,-PT7H,,
spent 1.93usd egg roll 🌯 11 hours ago,expense,1.93,USD,food_drink,Egg roll 🌯,-PT11H,,
person_h paid +0.72usd -23h,income,0.72,USD,other_income,person_h Paid,-PT23H,,
recharge -177.4 MKD,expense,177.4,MKD,utilities,Recharge,PT0M,,
bus -0.33e in 1d,expense,0.33,EUR,transport,Bus,P1D,,
bus -0.22e 25 days ago,expense,0.22,EUR,transport,Bus,-P25D,,
spent 0.33€ snacks 20 hours ago,expense,0.33,EUR,food_drink,Snacks,-PT20H,,
family_member_b 34.25 ден,expense,34.25,MKD,peer_transfer,family_member_b,PT0M,,
spent €0.33 juice 5 hours ago,expense,0.33,EUR,food_drink,Juice,-PT5H,,
spent 0.22 eur auto -18d,expense,0.22,EUR,transport,Auto,-P18D,,
bus -20.55 den,expense,20.55,MKD,transport,Bus,PT0M,,
pta -0.11€ -17d,expense,0.11,EUR,transport,PtA,-P17D,,
spent 0.39e htp,expense,0.39,EUR,transport,HtP,PT0M,,
atr -23.97 den,expense,23.97,MKD,transport,AtR,PT0M,,
spent 0.33€ bus,expense,0.33,EUR,transport,Bus,PT0M,,
rta -€0.5,expense,0.5,EUR,transport,RtA,PT0M,,
spent 0.39 eur atr tomorrow,expense,0.39,EUR,transport,AtR,P1D,,
recharge savings bank $0.6 to metro card,transfer,0.6,USD,transfer,Recharge,PT0M,Savings Bank,Metro Card
spent 20.55 ден snacks -6d,expense,20.55,MKD,food_drink,Snacks,-P6D,,
withdraw 5.56e savings bank to cash 6 hours ago,transfer,5.56,EUR,transfer,Withdraw,-PT6H,Savings Bank,Cash
bus -6.85 den,expense,6.85,MKD,transport,Bus,PT0M,,
atr 0.39 eur 13 days ago,expense,0.39,EUR,transport,AtR,-P13D,,
got +0.22e adjust balance,income,0.22,EUR,balance_adjustment,Adjust balance,PT0M,,
recharge 2.22€ savings bank to metro card -12d,transfer,2.22,EUR,transfer,Recharge,-P12D,Savings Bank,Metro Card
stonks -1.23€,expense,1.23,EUR,financial,Stonks,PT0M,,
bus -€0.11,expense,0.11,EUR,transport,Bus,PT0M,,
bus -€0.11 in 1d,expense,0.11,EUR,transport,Bus,P1D,,
metro €0.39 6 hours ago,expense,0.39,EUR,transport,Metro,-PT6H,,
person_b 684.93 den 3 hours ago,expense,684.93,MKD,peer_transfer,person_b,-PT3H,,
spent 22.22 eur family_member_a +1d,expense,22.22,EUR,peer_transfer,family_member_a,P1D,,
got +55.56€ capt. payment,income,55.56,EUR,other_income,Capt. Payment,PT0M,,
adjust balance 0.39e 7h ago,expense,0.39,EUR,balance_adjustment,Adjust balance,-PT7H,,
adjust balance +0.1usd 19d ago,income,0.1,USD,balance_adjustment,Adjust balance,-P19D,,
auto 0.22e,expense,0.22,EUR,transport,Auto,PT0M,,
auto -0.22e -14h,expense,0.22,EUR,transport,Auto,-PT14H,,
auto -13.7 ден -22d,expense,13.7,MKD,transport,Auto,-P22D,,
got +€1 family_member_a,income,1,EUR,family_support,family_member_a,PT0M,,
spent 0.22€ auto,expense,0.22,EUR,transport,Auto,PT0M,,
spent 6.85 MKD bus -16d,expense,6.85,MKD,transport,Bus,-P16D,,
family_member_a €5.56 17 hours ago,expense,5.56,EUR,peer_transfer,family_member_a,-PT17H,,
snacks 0.61 eur,expense,0.61,EUR,food_drink,Snacks,PT0M,,
spent €0.33 auto+bus,expense,0.33,EUR,transport,Auto+Bus,PT0M,,
spent $6.02 family_member_a,expense,6.02,USD,peer_transfer,family_member_a,PT0M,,
spent 0.78€ snacks,expense,0.78,EUR,food_drink,Snacks,PT0M,,
adjust balance -0.04e,expense,0.04,EUR,balance_adjustment,Adjust balance,PT0M,,
family_member_a €11.11 -9d,expense,11.11,EUR,peer_transfer,family_member_a,-P9D,,
person_b 0.22 eur,expense,0.22,EUR,peer_transfer,person_b,PT0M,,
spent €0.22 auto,expense,0.22,EUR,transport,Auto,PT0M,,
person_c -€0.44,expense,0.44,EUR,peer_transfer,person_c,PT0M,,
got +0.03e interest 2h ago,income,0.03,EUR,interest,Interest,-PT2H,,
spent 0.28€ snacks,expense,0.28,EUR,food_drink,Snacks,PT0M,,
jalebi €0.22,expense,0.22,EUR,food_drink,Jalebi,PT0M,,
auto 0.22€ 27d ago,expense,0.22,EUR,transport,Auto,-P27D,,
bus 0.11 eur -5h,expense,0.11,EUR,transport,Bus,-PT5H,,
spent 177.4 ден recharge 15h ago,expense,177.4,MKD,utilities,Recharge,-PT15H,,
spent €0.22 adjust balance -16d,expense,0.22,EUR,balance_adjustment,Adjust balance,-P16D,,
spent €0.44 adjust balance -11h,expense,0.44,EUR,balance_adjustment,Adjust balance,-PT11H,,
spent €0.22 auto 24 days ago,expense,0.22,EUR,transport,Auto,-P24D,,
spent 0.11e bus 29 days ago,expense,0.11,EUR,transport,Bus,-P29D,,
person_b €0.56 -12h,expense,0.56,EUR,peer_transfer,person_b,-PT12H,,
auto -0.22€,expense,0.22,EUR,transport,Auto,PT0M,,
got +2055.48 den advance -28d,income,2055.48,MKD,other_income,Advance,-P28D,,
auto -13.7 MKD,expense,13.7,MKD,transport,Auto,PT0M,,
spent 0.06€ prints 10d ago,expense,0.06,EUR,education,Prints,-P10D,,
auto -0.22e,expense,0.22,EUR,transport,Auto,PT0M,,
spent €0.11 bus,expense,0.11,EUR,transport,Bus,PT0M,,
parking €0.28 -26d,expense,0.28,EUR,parking,Parking,-P26D,,
snacks -20.55mkd,expense,20.55,MKD,food_drink,Snacks,PT0M,,
pastry 1.11 eur 17 hours ago,expense,1.11,EUR,food_drink,Pastry,-PT17H,,
transport -0.5€,expense,0.5,EUR,transport,Transport,PT0M,,
withdraw $0.24 savings bank to cash,transfer,0.24,USD,transfer,Withdraw,PT0M,Savings Bank,Cash
snacks +0.33e,income,0.33,EUR,other_income,Snacks,PT0M,,
drink 0.11e,expense,0.11,EUR,food_drink,Drink,PT0M,,
snacks -0.67 eur,expense,0.67,EUR,food_drink,Snacks,PT0M,,
adjust balance 6.85mkd,expense,6.85,MKD,balance_adjustment,Adjust balance,PT0M,,
adjust balance 0.33 eur,expense,0.33,EUR,balance_adjustment,Adjust balance,PT0M,,
snacks 0.33e,expense,0.33,EUR,food_drink,Snacks,PT0M,,
person_c $0.67 -17h,expense,0.67,USD,peer_transfer,person_c,-PT17H,,
bus -6.85 den,expense,6.85,MKD,transport,Bus,PT0M,,
auto 0.22€,expense,0.22,EUR,transport,Auto,PT0M,,
auto 0.22€ 21h ago,expense,0.22,EUR,transport,Auto,-PT21H,,
bus 0.11 eur -23h,expense,0.11,EUR,transport,Bus,-PT23H,,
spent 0.22e auto,expense,0.22,EUR,transport,Auto,PT0M,,
snacks 1.56 eur in 1d,expense,1.56,EUR,food_drink,Snacks,P1D,,
spent €0.22 auto,expense,0.22,EUR,transport,Auto,PT0M,,
withdraw €5.56 savings bank to cash 8d ago,transfer,5.56,EUR,transfer,Withdraw,-P8D,Savings Bank,Cash
spent 13.7mkd auto,expense,13.7,MKD,transport,Auto,PT0M,,
spent 0.11€ bus 30 days ago,expense,0.11,EUR,transport,Bus,-P30D,,
snacks €0.33,expense,0.33,EUR,food_drink,Snacks,PT0M,,
bus 0.11 eur 3h ago,expense,0.11,EUR,transport,Bus,-PT3H,,
adjust balance 0.22 eur -4h,expense,0.22,EUR,balance_adjustment,Adjust balance,-PT4H,,
+11.56€ adjust balance tmr,income,11.56,EUR,balance_adjustment,Adjust balance,P1D,,
spent 6.85mkd bus 16 hours ago,expense,6.85,MKD,transport,Bus,-PT16H,,
auto 0.22e 23 days ago,expense,0.22,EUR,transport,Auto,-P23D,,
spent 4.78 eur pass,expense,4.78,EUR,other,Pass,PT0M,,
auto 0.22€,expense,0.22,EUR,transport,Auto,PT0M,,
bus -0.33 eur 18 hours ago,expense,0.33,EUR,transport,Bus,-PT18H,,
spent 0.22 eur auto 6d ago,expense,0.22,EUR,transport,Auto,-P6D,,
+0.56e add,income,0.56,EUR,balance_adjustment,Add,PT0M,,
spent €0.11 person_b,expense,0.11,EUR,peer_transfer,person_b,PT0M,,
auto -€0.22 -2h,expense,0.22,EUR,transport,Auto,-PT2H,,
+6.67e pocket money tmr,income,6.67,EUR,family_support,Pocket Money,P1D,,
spent €0.11 bus 7d ago,expense,0.11,EUR,transport,Bus,-P7D,,
auto -0.22€,expense,0.22,EUR,transport,Auto,PT0M,,
spent 13.7 den stickers 8h ago,expense,13.7,MKD,shopping,Stickers,-PT8H,,
stationary -0.56 eur,expense,0.56,EUR,education,Stationary,PT0M,,
juice -0.44e -3h,expense,0.44,EUR,food_drink,Juice,-PT3H,,
got +€0.56 person_i payback,income,0.56,EUR,other_income,person_i payback,PT0M,,
samosa -0.67€ -20h,expense,0.67,EUR,food_drink,Samosa,-PT20H,,
auto -€0.22 17h ago,expense,0.22,EUR,transport,Auto,-PT17H,,
auto 13.7mkd,expense,13.7,MKD,transport,Auto,PT0M,,
auto -0.24 dollar,expense,0.24,USD,transport,Auto,PT0M,,
bus -6.85 MKD 20d ago,expense,6.85,MKD,transport,Bus,-P20D,,
spent 0.12 dollar bus,expense,0.12,USD,transport,Bus,PT0M,,
juice -0.17 eur 24 days ago,expense,0.17,EUR,food_drink,Juice,-P24D,,
spent 0.22€ auto,expense,0.22,EUR,transport,Auto,PT0M,,
bus -6.85mkd 19 days ago,expense,6.85,MKD,transport,Bus,-P19D,,
auto -13.7 ден,expense,13.7,MKD,transport,Auto,PT0M,,
spent 0.22e auto 14h ago,expense,0.22,EUR,transport,Auto,-PT14H,,
spent €0.22 auto yday,expense,0.22,EUR,transport,Auto,-P1D,,
snacks 0.33€,expense,0.33,EUR,food_drink,Snacks,PT0M,,
spent 0.24usd auto 24 days ago,expense,0.24,USD,transport,Auto,-P24D,,
bus -0.11€,expense,0.11,EUR,transport,Bus,PT0M,,
spent €0.22 auto 24d ago,expense,0.22,EUR,transport,Auto,-P24D,,
auto -€0.44,expense,0.44,EUR,transport,Auto,PT0M,,
snacks -0.22 eur tomorrow,expense,0.22,EUR,food_drink,Snacks,P1D,,
bus 0.11 eur,expense,0.11,EUR,transport,Bus,PT0M,,
computer stuff -5.22 eur,expense,5.22,EUR,shopping,Computer stuff,PT0M,,
person_i $0.12 3 hours ago,expense,0.12,USD,other,person_i,-PT3H,,
spent 0.24usd auto,expense,0.24,USD,transport,Auto,PT0M,,
bus -0.11e,expense,0.11,EUR,transport,Bus,PT0M,,
shawarma -82.19mkd -29d,expense,82.19,MKD,food_drink,Shawarma,-P29D,,
adjust balance 0.33 eur -2h,expense,0.33,EUR,balance_adjustment,Adjust balance,-PT2H,,
spent 6.85 MKD bus 28 days ago,expense,6.85,MKD,transport,Bus,-P28D,,
spent €0.11 bus,expense,0.11,EUR,transport,Bus,PT0M,,
bus 6.85mkd,expense,6.85,MKD,transport,Bus,PT0M,,
auto €0.22,expense,0.22,EUR,transport,Auto,PT0M,,
person_b -0.24usd -8h,expense,0.24,USD,peer_transfer,person_b,-PT8H,,
something €0.06 21 hours ago,expense,0.06,EUR,other,Something,-PT21H,,
recharge -177.4 MKD,expense,177.4,MKD,utilities,Recharge,PT0M,,
adjust balance 0.11e -6d,expense,0.11,EUR,balance_adjustment,Adjust balance,-P6D,,
spent 0.11€ bus,expense,0.11,EUR,transport,Bus,PT0M,,
got +11.11 eur pocket money,income,11.11,EUR,family_support,Pocket money,PT0M,,
curd 0.53e in 1d,expense,0.53,EUR,food_drink,Curd,P1D,,
auto €0.22 -9h,expense,0.22,EUR,transport,Auto,-PT9H,,
snacks 0.89 eur,expense,0.89,EUR,food_drink,Snacks,PT0M,,
adjust balance 0.11€,expense,0.11,EUR,balance_adjustment,Adjust balance,PT0M,,
adjust balance -1.06 eur,expense,1.06,EUR,balance_adjustment,Adjust balance,PT0M,,
🖊️ 0.11e,expense,0.11,EUR,other,🖊️,PT0M,,
spent 6.85 ден bus,expense,6.85,MKD,transport,Bus,PT0M,,
juice $0.24,expense,0.24,USD,food_drink,Juice,PT0M,,
snacks -€0.56,expense,0.56,EUR,food_drink,Snacks,PT0M,,
auto 0.22€ -24d,expense,0.22,EUR,transport,Auto,-P24D,,
spent 13.7mkd auto,expense,13.7,MKD,transport,Auto,PT0M,,
spent 0.11e bus,expense,0.11,EUR,transport,Bus,PT0M,,
spent 0.22e auto,expense,0.22,EUR,transport,Auto,PT0M,,
pen -6.85 MKD 27d ago,expense,6.85,MKD,education,Pen,-P27D,,
person_i -0.22e,expense,0.22,EUR,other,person_i,PT0M,,
family_member_b 7876.71 ден 5h ago,expense,7876.71,MKD,peer_transfer,family_member_b,-PT5H,,
book €2 11 hours ago,expense,2,EUR,education,Book,-PT11H,,
+5479.45 MKD salary,income,5479.45,MKD,salary,Salary,PT0M,,
bus -€0.11 8 days ago,expense,0.11,EUR,transport,Bus,-P8D,,
bus €0.11 6 days ago,expense,0.11,EUR,transport,Bus,-P6D,,
bus -€0.22 12d ago,expense,0.22,EUR,transport,Bus,-P12D,,
family_member_b €0.56 -5d,expense,0.56,EUR,peer_transfer,family_member_b,-P5D,,
bus 0.11 eur,expense,0.11,EUR,transport,Bus,PT0M,,
spent 0.22e juice,expense,0.22,EUR,food_drink,Juice,PT0M,,
exam fees -8.89 eur 9h ago,expense,8.89,EUR,education,Exam fees,-PT9H,,
auto 13.7mkd 11 hours ago,expense,13.7,MKD,transport,Auto,-PT11H,,
record books €4 in 1d,expense,4,EUR,education,Record books,P1D,,
withdraw savings bank 1.89e to cash,transfer,1.89,EUR,transfer,Withdraw,PT0M,Savings Bank,Cash
adjust -0.67€,expense,0.67,EUR,balance_adjustment,Adjust,PT0M,,
spent 1.11€ adjust,expense,1.11,EUR,balance_adjustment,Adjust,PT0M,,
spent 0.22€ auto,expense,0.22,EUR,transport,Auto,PT0M,,
spent 0.22€ auto -13d,expense,0.22,EUR,transport,Auto,-P13D,,
juice -€0.11 5h ago,expense,0.11,EUR,food_drink,Juice,-PT5H,,
spent 0.28 eur snacks,expense,0.28,EUR,food_drink,Snacks,PT0M,,
spent €0.22 auto,expense,0.22,EUR,transport,Auto,PT0M,,
adjust €0.44,expense,0.44,EUR,balance_adjustment,Adjust,PT0M,,
spent 13.7 ден juice,expense,13.7,MKD,food_drink,Juice,PT0M,,
juice 0.22 eur -5h,expense,0.22,EUR,food_drink,Juice,-PT5H,,
bus 0.36 dollar,expense,0.36,USD,transport,Bus,PT0M,,
bus €0.11,expense,0.11,EUR,transport,Bus,PT0M,,
medic -€0.59,expense,0.59,EUR,health,Medic,PT0M,,
spent 0.11 eur bus,expense,0.11,EUR,transport,Bus,PT0M,,
bus -0.22e,expense,0.22,EUR,transport,Bus,PT0M,,
auto -0.24usd,expense,0.24,USD,transport,Auto,PT0M,,
family_member_b -€0.11,expense,0.11,EUR,peer_transfer,family_member_b,PT0M,,
juice 0.22 eur,expense,0.22,EUR,food_drink,Juice,PT0M,,
auto 0.22 eur -4d,expense,0.22,EUR,transport,Auto,-P4D,,
got +€0.08 adjust -2d,income,0.08,EUR,balance_adjustment,Adjust,-P2D,,
got +1.7e adjust,income,1.7,EUR,balance_adjustment,Adjust,PT0M,,
suit 38.88€,expense,38.88,EUR,shopping,Suit,PT0M,,
breakfast 0.33 eur 14 hours ago,expense,0.33,EUR,food_drink,Breakfast,-PT14H,,
family_member_a payback 15.56 eur -22d,expense,15.56,EUR,peer_transfer,family_member_a payback,-P22D,,
bus -6.85 den 21 days ago,expense,6.85,MKD,transport,Bus,-P21D,,
spent 0.22 eur bus,expense,0.22,EUR,transport,Bus,PT0M,,
juice 0.3 dollar yday,expense,0.3,USD,food_drink,Juice,-P1D,,
spent 0.22 eur auto,expense,0.22,EUR,transport,Auto,PT0M,,
spent €0.56 auto+bus,expense,0.56,EUR,transport,Auto+Bus,PT0M,,
bus -6.85 MKD,expense,6.85,MKD,transport,Bus,PT0M,,
bus 0.11€,expense,0.11,EUR,transport,Bus,PT0M,,
bus -0.11e,expense,0.11,EUR,transport,Bus,PT0M,,
recharge 177.4 MKD tmr,expense,177.4,MKD,utilities,Recharge,P1D,,
person_g paid +102.74 den,income,102.74,MKD,other_income,person_g paid,PT0M,,
snacks 1.11e 8 hours ago,expense,1.11,EUR,food_drink,Snacks,-PT8H,,
ice cream -0.33e,expense,0.33,EUR,food_drink,Ice cream,PT0M,,
+1369.86 MKD ogt paid,income,1369.86,MKD,other_income,OGT paid,PT0M,,
person_b -0.11e,expense,0.11,EUR,peer_transfer,person_b,PT0M,,
bus pass €4.78 13 days ago,expense,4.78,EUR,transport,Bus pass,-P13D,,
withdraw €5.56 savings bank to cash,transfer,5.56,EUR,transfer,Withdraw,PT0M,Savings Bank,Cash
ice cream 0.83€,expense,0.83,EUR,food_drink,Ice cream,PT0M,,
rta -0.39 eur,expense,0.39,EUR,transport,RtA,PT0M,,
snacks 0.33€,expense,0.33,EUR,food_drink,Snacks,PT0M,,
bus 6.85mkd,expense,6.85,MKD,transport,Bus,PT0M,,
withdraw 2.22 eur savings bank to cash,transfer,2.22,EUR,transfer,Withdraw,PT0M,Savings Bank,Cash
bus 0.36 USD 8 days ago,expense,0.36,USD,transport,Bus,-P8D,,
bus €0.22 22d ago,expense,0.22,EUR,transport,Bus,-P22D,,
snacks -0.33 eur 9 hours ago,expense,0.33,EUR,food_drink,Snacks,-PT9H,,
got +0.36usd adjust,income,0.36,USD,balance_adjustment,Adjust,PT0M,,
spent 432.19 ден person_c payup,expense,432.19,MKD,peer_transfer,person_c payUp,PT0M,,
got +5479.45mkd payment,income,5479.45,MKD,other_income,Payment,PT0M,,
spent 27.4 den juice,expense,27.4,MKD,food_drink,Juice,PT0M,,
juice -6.85 MKD 2h ago,expense,6.85,MKD,food_drink,Juice,-PT2H,,
spent 13.7 ден auto 11 days ago,expense,13.7,MKD,transport,Auto,-P11D,,
auto -0.24 USD,expense,0.24,USD,transport,Auto,PT0M,,
auto -13.7 MKD 13h ago,expense,13.7,MKD,transport,Auto,-PT13H,,
spent 0.24 dollar auto,expense,0.24,USD,transport,Auto,PT0M,,
snacks 0.17€ 13h ago,expense,0.17,EUR,food_drink,Snacks,-PT13H,,
spent 0.11 eur bus: rtg,expense,0.11,EUR,transport,Bus: RtG,PT0M,,
spent 0.12 dollar bus,expense,0.12,USD,transport,Bus,PT0M,,
bus 6.85mkd,expense,6.85,MKD,transport,Bus,PT0M,,
auto -0.24usd 5d ago,expense,0.24,USD,transport,Auto,-P5D,,
snack -€0.33,expense,0.33,EUR,food_drink,Snack,PT0M,,
spent 0.11e bus,expense,0.11,EUR,transport,Bus,PT0M,,
auto 0.22e -30d,expense,0.22,EUR,transport,Auto,-P30D,,
got +34.54 den stonks return,income,34.54,MKD,investment_income,Stonks Return,PT0M,,
person_i +27.4 ден,income,27.4,MKD,other_income,person_i,PT0M,,
bonda 0.78 eur -19d,expense,0.78,EUR,food_drink,Bonda,-P19D,,
auto -€0.22,expense,0.22,EUR,transport,Auto,PT0M,,
rta -23.97mkd 8h ago,expense,23.97,MKD,transport,RtA,-PT8H,,
bus -0.22 eur,expense,0.22,EUR,transport,Bus,PT0M,,
bus -€0.22 13h ago,expense,0.22,EUR,transport,Bus,-PT13H,,
withdraw savings bank €2.22 to cash 16 days ago,transfer,2.22,EUR,transfer,Withdraw,-P16D,Savings Bank,Cash
glasses 3.42mkd,expense,3.42,MKD,health,Glasses,PT0M,,
bus -€0.11 9d ago,expense,0.11,EUR,transport,Bus,-P9D,,
bus 0.22e -23h,expense,0.22,EUR,transport,Bus,-PT23H,,
bus -0.11e,expense,0.11,EUR,transport,Bus,PT0M,,
bus 6.85 MKD 16 days ago,expense,6.85,MKD,transport,Bus,-P16D,,
family_member_a -17.78€,expense,17.78,EUR,peer_transfer,family_member_a,PT0M,,
spent 0.11e bus,expense,0.11,EUR,transport,Bus,PT0M,,
+1.11 eur family_member_a -19d,income,1.11,EUR,family_support,family_member_a,-P19D,,
spent 6.85 ден bus in 1d,expense,6.85,MKD,transport,Bus,P1D,,
bus: rtg 0.11 eur,expense,0.11,EUR,transport,Bus: RtG,PT0M,,
spent 0.39€ atr,expense,0.39,EUR,transport,AtR,PT0M,,
bus 0.11 eur,expense,0.11,EUR,transport,Bus,PT0M,,
spent 13.7 MKD auto 2 hours ago,expense,13.7,MKD,transport,Auto,-PT2H,,
auto -0.22€,expense,0.22,EUR,transport,Auto,PT0M,,
ice cream 1.09€ 5d ago,expense,1.09,EUR,food_drink,Ice cream,-P5D,,
water 0.36 dollar -26d,expense,0.36,USD,food_drink,Water,-P26D,,
spent €0.89 fried rice 10d ago,expense,0.89,EUR,food_drink,Fried rice,-P10D,,
goli soda 0.54e -26d,expense,0.54,EUR,food_drink,Goli soda,-P26D,,
auto -0.22€,expense,0.22,EUR,transport,Auto,PT0M,,
auto 0.22€ -16d,expense,0.22,EUR,transport,Auto,-P16D,,
rta -0.39 eur,expense,0.39,EUR,transport,RtA,PT0M,,
juice -0.22€,expense,0.22,EUR,food_drink,Juice,PT0M,,
got +33.33 eur family_member_a sent,income,33.33,EUR,family_support,family_member_a sent,PT0M,,
spent 0.11 eur bus: rtg -13h,expense,0.11,EUR,transport,Bus: RtG,-PT13H,,
btr €0.44 13h ago,expense,0.44,EUR,transport,BtR,-PT13H,,
+2.22e metro recharge 5 hours ago,income,2.22,EUR,other_income,Metro Recharge,-PT5H,,
metro recharge -2.22€,expense,2.22,EUR,transport,Metro recharge,PT0M,,
rta -0.35e,expense,0.35,EUR,transport,RtA,PT0M,,
spent 1.1 eur burger am,expense,1.1,EUR,food_drink,Burger AM,PT0M,,
spent 0.11 eur bus: rtg,expense,0.11,EUR,transport,Bus: RtG,PT0M,,
atr €0.39,expense,0.39,EUR,transport,AtR,PT0M,,
+1.45€ stonks return,income,1.45,EUR,investment_income,Stonks return,PT0M,,
rta 0.35 eur,expense,0.35,EUR,transport,RtA,PT0M,,
bus: gtr -0.11 eur,expense,0.11,EUR,transport,Bus: GtR,PT0M,,
spent 0.06€ sq bands,expense,0.06,EUR,other,SQ bands,PT0M,,
bus: rtg 0.11€ 4h ago,expense,0.11,EUR,transport,Bus: RtG,-PT4H,,
atr €0.39,expense,0.39,EUR,transport,AtR,PT0M,,
spent 0.22€ water,expense,0.22,EUR,food_drink,Water,PT0M,,
spent 0.33 eur frooti -10h,expense,0.33,EUR,food_drink,Frooti,-PT10H,,
water -20.55mkd 18 hours ago,expense,20.55,MKD,food_drink,Water,-PT18H,,
fac 0.36 USD 30 days ago,expense,0.36,USD,other,FAC,-P30D,,
spent 0.22 eur auto 5h ago,expense,0.22,EUR,transport,Auto,-PT5H,,
shirt -513.7 MKD,expense,513.7,MKD,shopping,Shirt,PT0M,,
to transfer insufficient bal pos decline charge -0.26e,expense,0.26,EUR,financial,TO TRANSFER INSUFFICIENT BAL POS DECLINE CHARGE,PT0M,,
got +17.23 eur person_h payup,income,17.23,EUR,other_income,person_h payup,PT0M,,
spent 2.88e mobile,expense,2.88,EUR,utilities,Mobile,PT0M,,
spent 89.04 MKD stonks,expense,89.04,MKD,financial,Stonks,PT0M,,
got +€0.08 change,income,0.08,EUR,other_income,Change,PT0M,,
got +3.33€ person_c returns,income,3.33,EUR,refund,person_c returns,PT0M,,
init +€1.54,income,1.54,EUR,balance_adjustment,Init,PT0M,,
init +2414.91 MKD,income,2414.91,MKD,balance_adjustment,Init,PT0M,,
init +2.78 eur,income,2.78,EUR,balance_adjustment,Init,PT0M,,
