sessionId,sourceIndex,exercise,setNumber,reps,weightKg
1,1,snatch,1,3,40
1,2,snatch,2,3,40
1,3,snatch,3,2,50
1,4,snatch,4,4,60
1,5,snatch,5,4,60
1,6,snatch,6,4,60
1,7,snatch,7,4,60
1,8,snatch,8,1,70
1,9,clean,1,4,50
1,10,clean,2,2,60
1,11,clean,3,2,70
1,12,clean,4,2,80
1,13,clean,5,4,85
1,14,clean,6,4,85
1,15,clean,7,4,85
1,16,clean,8,4,90
1,17,front_squat,1,4,50
1,18,front_squat,2,2,70
1,19,front_squat,3,2,80
1,20,front_squat,4,2,90
1,21,front_squat,5,4,95
1,22,front_squat,6,4,95
1,23,front_squat,7,3,95
1,24,front_squat,8,4,95
1,25,ohp,1,7,30
1,26,ohp,2,5,40
1,27,ohp,3,5,40
1,28,ohp,4,5,40
1,29,ohp,5,5,40
1,30,ohp,6,5,40
2,31,snatch,1,3,40
2,32,snatch,2,3,40
2,33,snatch,3,2,50
2,34,snatch,4,4,55
2,35,snatch,5,4,55
2,36,snatch,6,4,55
2,37,snatch,7,4,55
2,38,snatch_pull,1,3,75
2,39,snatch_pull,2,3,75
2,40,snatch_pull,3,4,75
2,41,clean,1,4,50
2,42,clean,2,2,60
2,43,clean,3,2,70
2,44,clean,4,2,80
2,45,clean,5,4,80
2,46,clean,6,4,80
2,47,clean,7,4,80
2,48,front_squat,1,4,50
2,49,front_squat,2,2,70
2,50,front_squat,3,2,80
2,51,front_squat,4,4,90
2,52,front_squat,5,4,90
2,53,front_squat,6,4,90
2,54,front_squat,7,4,90
2,55,ohp,1,7,30
2,56,ohp,2,5,40
2,57,ohp,3,5,40
2,58,ohp,4,5,40
2,59,ohp,5,5,40
3,60,snatch,1,3,40
3,61,snatch,2,3,40
3,62,snatch,3,2,50
3,63,snatch,4,4,60
3,64,snatch,5,4,60
3,65,snatch,6,4,60
3,66,snatch,7,4,60
3,67,clean,1,4,50
3,68,clean,2,2,60
3,69,clean,3,2,70
3,70,clean,4,2,80
3,71,clean,5,4,85
3,72,clean,6,4,85
3,73,clean,7,4,90
3,74,clean,8,4,90
3,75,front_squat,1,4,50
3,76,front_squat,2,2,70
3,77,front_squat,3,3,80
3,78,front_squat,4,2,90
3,79,front_squat,5,4,95
3,80,front_squat,6,4,95
3,81,front_squat,7,3,95
3,82,front_squat,8,4,95
4,83,snatch,1,3,40
4,84,snatch,2,3,40
4,85,snatch,3,2,50
4,86,snatch,4,2,60
4,87,snatch,5,3,65
4,88,snatch,6,3,65
4,89,snatch,7,3,65
4,90,clean,1,4,50
4,91,clean,2,2,60
4,92,clean,3,2,70
4,93,clean,4,4,80
4,94,clean,5,4,80
4,95,clean,6,4,80
4,96,clean,7,4,80
4,97,squat,1,4,50
4,98,squat,2,3,70
4,99,squat,3,2,80
4,100,squat,4,2,90
4,101,squat,5,4,100
4,102,squat,6,4,100
4,103,squat,7,4,100
4,104,squat,8,4,100
5,105,snatch,1,3,40
5,106,snatch,2,3,40
5,107,snatch,3,2,50
5,108,snatch,4,4,60
5,109,snatch,5,4,60
5,110,snatch,6,4,60
5,111,snatch,7,4,60
5,112,clean,1,3,50
5,113,clean,2,3,60
5,114,clean,3,2,70
5,115,clean,4,2,80
5,116,clean,5,4,85
5,117,clean,6,4,85
5,118,clean,7,4,85
5,119,clean,8,4,85
5,120,front_squat,1,4,50
5,121,front_squat,2,3,70
5,122,front_squat,3,3,80
5,123,front_squat,4,4,90
5,124,front_squat,5,4,90
5,125,front_squat,6,4,90
5,126,front_squat,7,4,90
5,127,front_squat,8,4,90
5,128,ohp,1,7,30
5,129,ohp,2,5,40
5,130,ohp,3,5,40
5,131,ohp,4,5,40
5,132,ohp,5,5,40
5,133,ohp,6,9,40
6,134,power_snatch,1,4,40
6,135,power_snatch,2,4,40
6,136,power_snatch,3,3,50
6,137,power_snatch,4,4,60
6,138,power_snatch,5,4,60
6,139,power_snatch,6,4,60
6,140,power_snatch,7,4,60
6,141,power_snatch,8,4,60
6,142,power_clean,1,5,50
6,143,power_clean,2,3,60
6,144,power_clean,3,2,70
6,145,power_clean,4,4,80
6,146,power_clean,5,4,80
6,147,power_clean,6,4,80
6,148,power_clean,7,4,80
6,149,squat,1,5,50
6,150,squat,2,3,70
6,151,squat,3,3,80
6,152,squat,4,2,90
6,153,squat,5,4,100
6,154,squat,6,4,100
6,155,squat,7,4,100
6,156,squat,8,7,100
7,157,snatch,1,3,40
7,158,snatch,2,3,40
7,159,snatch,3,3,50
7,160,snatch,4,4,60
7,161,snatch,5,4,60
7,162,snatch,6,4,65
7,163,snatch,7,4,65
7,164,snatch,8,1,70
7,165,clean,1,4,50
7,166,clean,2,4,60
7,167,clean,3,3,70
7,168,clean,4,2,80
7,169,clean,5,3,90
7,170,clean,6,3,90
7,171,clean,7,6,90
8,172,power_snatch,1,3,40
8,173,power_snatch,2,3,40
8,174,power_snatch,3,3,50
8,175,power_snatch,4,1,55
8,176,power_snatch,5,4,60
8,177,power_snatch,6,4,60
8,178,power_snatch,7,4,60
8,179,power_snatch,8,4,60
8,180,power_clean,1,4,50
8,181,power_clean,2,3,70
8,182,power_clean,3,4,80
8,183,power_clean,4,4,80
8,184,power_clean,5,4,80
8,185,power_clean,6,4,80
9,186,snatch,1,3,40
9,187,snatch,2,3,40
9,188,snatch,3,3,50
9,189,snatch,4,4,60
9,190,snatch,5,4,65
9,191,snatch,6,4,65
9,192,snatch,7,4,65
9,193,snatch,8,4,65
10,194,snatch,1,5,30
10,195,snatch,2,4,40
10,196,snatch,3,3,50
10,197,snatch,4,2,60
10,198,snatch,5,3,65
10,199,snatch,6,3,65
10,200,snatch,7,3,65
10,201,snatch,8,4,65
10,202,snatch,9,2,65
10,203,clean,1,5,50
10,204,clean,2,3,60
10,205,clean,3,2,70
10,206,clean,4,2,80
10,207,clean,5,4,90
10,208,clean,6,4,90
10,209,clean,7,4,90
10,210,clean,8,1,90
11,211,snatch,1,5,40
11,212,snatch,2,4,50
11,213,snatch,3,2,60
11,214,snatch,4,2,65
11,215,snatch,5,4,60
11,216,snatch,6,4,60
11,217,snatch,7,4,60
11,218,snatch,8,4,60
11,219,clean,1,3,50
11,220,clean,2,3,60
11,221,clean,3,3,70
11,222,clean,4,2,80
11,223,clean,5,1,85
11,224,clean,6,4,80
11,225,clean,7,4,80
11,226,clean,8,4,80
11,227,clean,9,4,80
12,228,snatch,1,3,40
12,229,snatch,2,3,40
12,230,snatch,3,3,50
12,231,snatch,4,3,60
12,232,snatch,5,4,65
12,233,snatch,6,4,65
12,234,snatch,7,4,65
12,235,snatch,8,4,65
12,236,snatch,9,1,70
12,237,squat,1,5,50
12,238,squat,2,3,70
12,239,squat,3,3,80
12,240,squat,4,2,90
12,241,squat,5,4,100
12,242,squat,6,4,100
12,243,squat,7,4,100
12,244,squat,8,4,100
12,245,squat,9,4,100
13,246,clean,1,3,40
13,247,clean,2,4,50
13,248,clean,3,3,60
13,249,clean,4,2,70
13,250,clean,5,5,80
13,251,clean,6,5,80
13,252,clean,7,5,80
13,253,clean,8,5,80
13,254,clean,9,6,80
13,255,squat,1,4,50
13,256,squat,2,5,70
13,257,squat,3,3,80
13,258,squat,4,3,90
13,259,squat,5,4,100
13,260,squat,6,4,100
13,261,squat,7,4,100
13,262,squat,8,4,100
14,263,snatch,1,3,40
14,264,snatch,2,3,40
14,265,snatch,3,3,50
14,266,snatch,4,3,60
14,267,snatch,5,2,65
14,268,snatch,6,4,60
14,269,snatch,7,3,60
14,270,snatch_pull,1,5,70
14,271,snatch_pull,2,5,70
14,272,snatch_pull,3,5,70
15,273,clean,1,4,50
15,274,clean,2,3,60
15,275,clean,3,3,70
15,276,clean,4,4,80
15,277,clean,5,4,80
15,278,clean,6,4,80
15,279,clean,7,4,80
15,280,clean,8,1,90
15,281,deadlift,1,4,100
15,282,deadlift,2,4,100
15,283,deadlift,3,4,100
15,284,squat,1,4,50
15,285,squat,2,4,70
15,286,squat,3,4,80
15,287,squat,4,4,90
15,288,squat,5,4,100
15,289,squat,6,4,100
15,290,squat,7,4,100
16,291,snatch,1,3,40
16,292,snatch,2,3,40
16,293,snatch,3,3,50
16,294,snatch,4,3,55
16,295,snatch,5,3,55
16,296,snatch,6,3,55
16,297,clean,1,5,40
16,298,clean,2,3,50
16,299,clean,3,3,60
16,300,clean,4,3,70
16,301,clean,5,3,70
16,302,clean,6,3,70
16,303,squat,1,5,50
16,304,squat,2,3,60
16,305,squat,3,3,70
16,306,squat,4,3,80
16,307,squat,5,3,80
16,308,squat,6,3,80
17,309,snatch,1,3,40
17,310,snatch,2,5,40
17,311,snatch,3,4,50
17,312,snatch,4,3,60
17,313,snatch,5,3,60
17,314,snatch,6,3,60
17,315,clean,1,5,40
17,316,clean,2,3,50
17,317,clean,3,3,60
17,318,clean,4,2,70
17,319,clean,5,3,80
17,320,clean,6,3,80
17,321,clean,7,3,85
17,322,clean,8,1,90
17,323,squat,1,10,50
17,324,squat,2,5,70
17,325,squat,3,2,80
17,326,squat,4,3,90
17,327,squat,5,3,90
17,328,squat,6,3,90
17,329,squat,7,3,90
18,330,snatch,1,4,40
18,331,snatch,2,3,40
18,332,snatch,3,3,50
18,333,snatch,4,4,60
18,334,snatch,5,4,60
18,335,snatch,6,4,60
18,336,snatch,7,4,60
18,337,snatch,8,1,65
18,338,clean,1,5,50
18,339,clean,2,3,60
18,340,clean,3,3,70
18,341,clean,4,4,80
18,342,clean,5,4,80
18,343,clean,6,4,80
18,344,clean,7,4,80
19,345,snatch,1,4,40
19,346,snatch,2,3,50
19,347,snatch,3,4,60
19,348,snatch,4,4,60
19,349,snatch,5,4,60
19,350,snatch,6,4,60
19,351,snatch,7,4,60
19,352,snatch,8,2,65
20,353,snatch,1,4,40
20,354,snatch,2,2,50
20,355,snatch,3,1,55
20,356,snatch,4,3,60
20,357,snatch,5,3,60
20,358,snatch,6,3,65
20,359,snatch,7,3,65
20,360,clean,1,4,50
20,361,clean,2,3,60
20,362,clean,3,3,70
20,363,clean,4,3,80
20,364,clean,5,3,80
20,365,deadlift,1,3,90
20,366,deadlift,2,3,90
20,367,deadlift,3,5,90
21,368,snatch,1,3,40
21,369,snatch,2,3,40
21,370,snatch,3,3,50
21,371,snatch,4,4,60
21,372,snatch,5,4,60
21,373,snatch,6,4,60
21,374,snatch,7,4,60
21,375,clean,1,4,50
21,376,clean,2,2,60
21,377,clean,3,3,70
21,378,clean,4,4,80
21,379,clean,5,4,80
21,380,clean,6,4,80
21,381,clean,7,3,80
21,382,squat,1,5,60
21,383,squat,2,4,80
21,384,squat,3,3,90
21,385,squat,4,4,90
21,386,squat,5,4,90
22,387,snatch,1,3,40
22,388,snatch,2,3,40
22,389,snatch,3,3,50
22,390,snatch,4,4,60
22,391,snatch,5,4,60
22,392,snatch,6,4,60
22,393,snatch,7,4,60
22,394,snatch,8,4,60
22,395,squat,1,5,60
22,396,squat,2,4,80
22,397,squat,3,3,90
22,398,squat,4,4,100
22,399,squat,5,4,100
22,400,squat,6,4,100
22,401,squat,7,4,100
23,402,snatch,1,3,40
23,403,snatch,2,4,40
23,404,snatch,3,4,50
23,405,snatch,4,3,60
23,406,snatch,5,3,65
23,407,snatch,6,3,65
23,408,snatch,7,3,65
23,409,clean,1,5,50
23,410,clean,2,3,70
23,411,clean,3,3,80
23,412,clean,4,3,90
23,413,clean,5,3,90
23,414,clean,6,3,90
23,415,squat,1,5,60
23,416,squat,2,4,80
23,417,squat,3,3,90
23,418,squat,4,3,100
23,419,squat,5,3,100
23,420,squat,6,3,100
23,421,ohp,1,6,40
23,422,ohp,2,6,50
23,423,ohp,3,4,60
23,424,ohp,4,5,60
23,425,ohp,5,8,60
24,426,squat,1,5,50
24,427,squat,2,4,60
24,428,squat,3,3,80
24,429,squat,4,3,90
24,430,squat,5,4,100
24,431,squat,6,4,100
24,432,squat,7,4,100
24,433,squat,8,4,100
24,434,snatch_pull,1,4,50
24,435,snatch_pull,2,4,60
24,436,snatch_pull,3,4,70
24,437,snatch_pull,4,4,70
24,438,snatch_pull,5,4,75
24,439,snatch_pull,6,4,75
25,440,squat,1,5,50
25,441,squat,2,4,60
25,442,squat,3,4,80
25,443,squat,4,2,90
25,444,squat,5,5,90
25,445,squat,6,5,90
25,446,squat,7,5,90
25,447,squat,8,5,90
25,448,snatch_pull,1,4,50
25,449,snatch_pull,2,4,60
25,450,snatch_pull,3,4,70
25,451,snatch_pull,4,4,70
25,452,snatch_pull,5,4,70
25,453,snatch_pull,6,4,70
26,454,snatch,1,3,40
26,455,snatch,2,3,40
26,456,snatch,3,3,50
26,457,snatch,4,3,50
26,458,snatch,5,3,55
26,459,snatch,6,1,60
26,460,clean,1,3,50
26,461,clean,2,3,60
26,462,clean,3,3,70
26,463,clean,4,3,70
26,464,clean,5,3,80
26,465,clean,6,1,90
26,466,squat,1,5,50
26,467,squat,2,4,70
26,468,squat,3,4,80
26,469,squat,4,4,90
26,470,squat,5,4,90
26,471,squat,6,4,90
26,472,squat,7,4,90
26,473,ohp,1,5,40
26,474,ohp,2,5,40
26,475,ohp,3,5,50
26,476,ohp,4,5,50
26,477,ohp,5,5,55
27,478,front_squat,1,4,40
27,479,front_squat,2,4,50
27,480,front_squat,3,4,60
27,481,front_squat,4,4,70
27,482,front_squat,5,5,80
27,483,front_squat,6,5,80
27,484,front_squat,7,5,80
27,485,front_squat,8,5,80
27,486,front_squat,9,5,80
27,487,ohp,1,5,30
27,488,ohp,2,5,40
27,489,ohp,3,5,40
27,490,ohp,4,5,40
28,491,snatch,1,3,40
28,492,snatch,2,3,40
28,493,snatch,3,3,50
28,494,snatch,4,4,55
28,495,snatch,5,4,55
28,496,snatch,6,4,60
28,497,snatch,7,4,60
28,498,snatch,8,1,65
28,499,clean,1,3,50
28,500,clean,2,3,70
28,501,clean,3,4,80
28,502,clean,4,4,80
28,503,clean,5,4,80
28,504,clean,6,4,80
28,505,clean,7,1,95
28,506,squat,1,5,50
28,507,squat,2,3,70
28,508,squat,3,3,90
28,509,squat,4,4,100
28,510,squat,5,4,100
28,511,squat,6,4,100
28,512,squat,7,4,100
28,513,split_jerk,1,5,40
28,514,split_jerk,2,4,50
28,515,split_jerk,3,4,60
29,516,snatch,1,3,40
29,517,snatch,2,2,40
29,518,snatch,3,3,50
29,519,snatch,4,5,60
29,520,snatch,5,4,60
29,521,snatch,6,4,60
29,522,snatch,7,4,60
29,523,snatch,8,1,70
29,524,snatch,9,1,70
29,525,clean,1,4,45
29,526,clean,2,3,70
29,527,clean,3,3,80
29,528,clean,4,4,85
29,529,clean,5,4,85
29,530,clean,6,2,85
29,531,squat,1,5,50
29,532,squat,2,3,70
29,533,squat,3,3,90
29,534,squat,4,4,100
29,535,squat,5,4,100
29,536,squat,6,4,100
29,537,squat,7,4,100
30,538,snatch,1,3,40
30,539,snatch,2,3,40
30,540,snatch,3,3,50
30,541,snatch,4,5,60
30,542,snatch,5,4,60
30,543,snatch,6,4,60
30,544,snatch,7,2,65
30,545,snatch_pull,1,4,75
30,546,snatch_pull,2,4,75
30,547,snatch_pull,3,4,75
30,548,front_squat,1,5,50
30,549,front_squat,2,4,70
30,550,front_squat,3,5,80
30,551,front_squat,4,5,80
30,552,front_squat,5,5,80
30,553,front_squat,6,5,80
30,554,front_squat,7,5,85
31,555,snatch,1,5,30
31,556,snatch,2,3,40
31,557,snatch,3,3,50
31,558,snatch,4,4,60
31,559,snatch,5,4,60
31,560,snatch,6,4,65
31,561,snatch,7,4,65
31,562,clean,1,4,45
31,563,clean,2,2,65
31,564,clean,3,3,75
31,565,clean,4,4,85
31,566,clean,5,4,85
31,567,clean,6,4,85
31,568,clean,7,4,85
31,569,squat,1,4,50
31,570,squat,2,3,70
31,571,squat,3,3,90
31,572,squat,4,4,100
31,573,squat,5,4,100
31,574,squat,6,4,105
31,575,squat,7,4,105
31,576,split_jerk,1,4,40
31,577,split_jerk,2,4,50
31,578,split_jerk,3,2,60
31,579,split_jerk,4,4,60
32,580,snatch,1,3,40
32,581,snatch,2,3,40
32,582,snatch,3,3,50
32,583,snatch,4,4,60
32,584,snatch,5,4,60
32,585,snatch,6,4,60
32,586,snatch,7,4,60
32,587,clean,1,4,45
32,588,clean,2,3,70
32,589,clean,3,4,80
32,590,clean,4,4,80
32,591,clean,5,4,80
32,592,clean,6,4,80
32,593,squat,1,5,50
32,594,squat,2,3,70
32,595,squat,3,3,90
32,596,squat,4,4,100
32,597,squat,5,4,100
32,598,squat,6,4,100
32,599,squat,7,4,100
32,600,split_jerk,1,8,30
32,601,split_jerk,2,5,40
32,602,split_jerk,3,5,40
32,603,split_jerk,4,5,40
33,604,snatch,1,4,40
33,605,snatch,2,3,50
33,606,snatch,3,4,60
33,607,snatch,4,3,65
33,608,snatch,5,4,60
33,609,snatch,6,4,65
33,610,clean,1,4,50
33,611,clean,2,3,70
33,612,clean,3,1,80
33,613,clean,4,1,85
33,614,clean,5,3,90
33,615,clean,6,3,90
33,616,clean,7,3,90
33,617,squat,1,4,80
33,618,squat,2,4,90
33,619,squat,3,4,100
33,620,squat,4,4,100
33,621,squat,5,4,100
33,622,squat,6,4,100
33,623,squat,7,1,110
33,624,squat,8,1,115
34,625,front_squat,1,4,40
34,626,front_squat,2,3,50
34,627,front_squat,3,3,60
34,628,front_squat,4,2,70
34,629,front_squat,5,2,80
34,630,front_squat,6,1,90
34,631,front_squat,7,1,100
34,632,front_squat,8,1,105
34,633,front_squat,9,1,110
34,634,front_squat,10,1,115
34,635,power_snatch,1,4,40
34,636,power_snatch,2,3,50
34,637,power_snatch,3,4,60
34,638,power_snatch,4,4,60
34,639,power_snatch,5,4,60
34,640,power_snatch,6,4,60
34,641,power_snatch,7,1,65
34,642,power_clean,1,4,50
34,643,power_clean,2,3,60
34,644,power_clean,3,2,70
34,645,power_clean,4,4,80
34,646,power_clean,5,4,80
34,647,power_clean,6,4,80
35,648,snatch,1,4,40
35,649,snatch,2,3,50
35,650,snatch,3,4,60
35,651,snatch,4,4,65
35,652,snatch,5,4,65
35,653,snatch,6,4,65
35,654,snatch,7,3,70
35,655,clean,1,4,50
35,656,clean,2,3,70
35,657,clean,3,2,80
35,658,clean,4,1,85
35,659,clean,5,1,95
35,660,clean,6,1,100
35,661,clean,7,3,90
35,662,clean,8,3,90
35,663,squat,1,4,60
35,664,squat,2,3,80
35,665,squat,3,3,90
35,666,squat,4,3,100
35,667,squat,5,3,110
35,668,squat,6,3,115
36,669,snatch,1,4,30
36,670,snatch,2,4,40
36,671,snatch,3,4,50
36,672,snatch,4,2,60
36,673,snatch,5,4,60
36,674,snatch,6,4,60
36,675,snatch,7,4,60
36,676,snatch,8,5,60
36,677,clean_and_jerk,1,4,50
36,678,clean_and_jerk,2,4,50
36,679,clean_and_jerk,3,2,60
36,680,clean_and_jerk,4,1,70
36,681,clean_and_jerk,5,2,80
36,682,clean_and_jerk,6,2,80
36,683,clean_and_jerk,7,2,80
36,684,clean_and_jerk,8,2,80
36,685,clean_and_jerk,9,2,80
36,686,clean_and_jerk,10,2,80
36,687,squat,1,4,60
36,688,squat,2,3,80
36,689,squat,3,2,90
36,690,squat,4,2,100
36,691,squat,5,4,105
36,692,squat,6,4,105
36,693,squat,7,4,105
36,694,squat,8,2,105
37,695,front_squat,1,5,50
37,696,front_squat,2,4,60
37,697,front_squat,3,3,70
37,698,front_squat,4,3,70
37,699,front_squat,5,2,80
37,700,front_squat,6,2,90
37,701,front_squat,7,1,100
37,702,front_squat,8,1,110
37,703,front_squat,9,1,115
37,704,power_snatch,1,3,40
37,705,power_snatch,2,3,50
37,706,power_snatch,3,3,60
37,707,power_snatch,4,3,60
37,708,power_snatch,5,3,60
37,709,power_snatch,6,3,60
37,710,power_snatch,7,1,65
37,711,power_clean,1,4,50
37,712,power_clean,2,2,60
37,713,power_clean,3,2,70
37,714,power_clean,4,2,80
37,715,power_clean,5,2,80
37,716,power_clean,6,2,80
37,717,power_clean,7,1,80
37,718,power_clean,8,1,90
37,719,snatch_pull,1,2,60
37,720,snatch_pull,2,2,70
37,721,snatch_pull,3,4,80
37,722,snatch_pull,4,4,85
37,723,snatch_pull,5,4,85
38,724,snatch,1,4,40
38,725,snatch,2,3,50
38,726,snatch,3,3,60
38,727,snatch,4,3,65
38,728,snatch,5,3,65
38,729,snatch,6,2,70
38,730,snatch,7,2,75
38,731,clean,1,4,50
38,732,clean,2,3,70
38,733,clean,3,1,80
38,734,clean,4,1,85
38,735,clean,5,3,90
38,736,clean,6,3,90
38,737,clean,7,3,90
38,738,squat,1,4,60
38,739,squat,2,4,80
38,740,squat,3,3,95
38,741,squat,4,1,100
38,742,squat,5,1,105
38,743,squat,6,3,110
38,744,squat,7,2,110
38,745,squat,8,3,110
38,746,snatch_balance,1,4,30
38,747,snatch_balance,2,5,40
38,748,snatch_balance,3,4,45
38,749,snatch_balance,4,4,50
38,750,snatch_balance,5,1,60
39,751,snatch,1,5,40
39,752,snatch,2,5,50
39,753,snatch,3,5,55
39,754,snatch,4,5,55
39,755,snatch,5,5,60
39,756,snatch,6,5,65
39,757,snatch,7,1,70
39,758,squat,1,5,40
39,759,squat,2,5,60
39,760,squat,3,4,80
39,761,squat,4,3,90
39,762,squat,5,5,100
39,763,squat,6,5,100
39,764,squat,7,5,100
39,765,squat,8,5,100
39,766,squat,9,5,105
40,774,clean_and_jerk,1,4,50
40,775,clean_and_jerk,2,3,50
40,776,clean_and_jerk,3,5,70
40,777,clean_and_jerk,4,5,70
40,778,clean_and_jerk,5,5,70
40,779,clean_and_jerk,6,5,70
40,780,clean_and_jerk,7,5,75
40,781,squat,1,4,60
40,782,squat,2,3,80
40,783,squat,3,5,90
40,784,squat,4,5,90
40,785,squat,5,5,100
40,786,squat,6,5,100
40,787,squat,7,5,105
41,795,front_squat,1,4,50
41,796,front_squat,2,4,70
41,797,front_squat,3,5,80
41,798,front_squat,4,5,80
41,799,front_squat,5,5,85
41,800,front_squat,6,5,85
41,801,front_squat,7,5,90
41,802,front_squat,8,2,100
41,803,military_press,1,5,30
41,804,military_press,2,4,40
41,805,military_press,3,4,40
41,806,military_press,4,4,40
41,807,military_press,5,6,45
42,808,snatch,1,5,40
42,809,snatch,2,5,50
42,810,snatch,3,5,55
42,811,snatch,4,5,55
42,812,snatch,5,5,60
42,813,snatch,6,5,65
42,814,snatch,7,1,70
42,815,clean,1,4,50
42,816,clean,2,5,70
42,817,clean,3,5,70
42,818,clean,4,5,75
42,819,clean,5,5,75
42,820,clean,6,5,80
42,821,clean,7,5,90
42,822,squat,1,5,70
42,823,squat,2,5,90
42,824,squat,3,5,100
43,825,snatch,1,3,40
43,826,snatch,2,3,40
43,827,snatch,3,3,50
43,828,snatch,4,3,60
43,829,snatch,5,3,60
43,830,snatch,6,3,60
43,831,snatch,7,1,65
43,832,clean_and_jerk,1,3,50
43,833,clean_and_jerk,2,2,60
43,834,clean_and_jerk,3,2,70
43,835,clean_and_jerk,4,3,80
43,836,clean_and_jerk,5,3,80
43,837,clean_and_jerk,6,3,80
43,838,squat,1,4,70
43,839,squat,2,2,90
43,840,squat,3,3,100
43,841,squat,4,3,105
43,842,squat,5,3,110
43,843,squat,6,2,115
44,844,clean_and_jerk,1,3,50
44,845,clean_and_jerk,2,3,60
44,846,clean_and_jerk,3,2,70
44,847,clean_and_jerk,4,3,80
44,848,clean_and_jerk,5,3,80
44,849,clean_and_jerk,6,3,80
44,850,snatch,1,3,30
44,851,snatch,2,3,40
44,852,snatch,3,2,50
44,853,snatch,4,3,60
44,854,snatch,5,3,60
44,855,snatch,6,3,60
44,856,snatch,7,1,50
44,857,snatch,8,1,60
44,858,snatch,9,1,65
44,859,squat,1,5,60
44,860,squat,2,2,80
44,861,squat,3,2,90
44,862,squat,4,3,105
44,863,squat,5,3,110
44,864,squat,6,3,115
46,866,snatch,1,3,40
46,867,snatch,2,3,50
46,868,snatch,3,3,60
46,869,snatch,4,3,60
46,870,snatch,5,1,65
46,871,snatch,6,1,70
46,872,snatch,7,3,60
46,873,clean_and_jerk,1,5,50
46,874,clean_and_jerk,2,2,60
46,875,clean_and_jerk,3,2,70
46,876,clean_and_jerk,4,3,80
46,877,clean_and_jerk,5,3,80
46,878,clean_and_jerk,6,3,80
46,879,squat,1,5,60
46,880,squat,2,4,80
46,881,squat,3,2,90
46,882,squat,4,3,100
46,883,squat,5,3,110
46,884,squat,6,3,100
46,885,squat,7,3,100
47,886,snatch,1,4,40
47,887,snatch,2,4,40
47,888,snatch,3,4,50
47,889,snatch,4,4,55
47,890,snatch,5,4,60
47,891,snatch,6,4,65
47,892,clean_and_jerk,1,4,50
47,893,clean_and_jerk,2,1,60
47,894,clean_and_jerk,3,1,65
47,895,clean_and_jerk,4,4,70
47,896,clean_and_jerk,5,4,75
47,897,clean_and_jerk,6,4,80
47,898,clean_and_jerk,7,4,85
47,899,front_squat,1,4,60
47,900,front_squat,2,4,80
47,901,front_squat,3,3,90
47,902,front_squat,4,4,90
47,903,front_squat,5,4,90
47,904,front_squat,6,4,90
48,905,snatch,1,5,40
48,906,snatch,2,5,50
48,907,snatch,3,5,50
48,908,snatch,4,5,55
48,909,snatch,5,5,60
48,910,snatch,6,5,60
48,911,clean_and_jerk,1,4,50
48,912,clean_and_jerk,2,3,60
48,913,clean_and_jerk,3,5,70
48,914,clean_and_jerk,4,5,70
48,915,clean_and_jerk,5,5,75
48,916,clean_and_jerk,6,5,80
48,917,clean_and_jerk,7,4,80
48,918,clean_and_jerk,8,1,85
48,919,squat,1,5,60
48,920,squat,2,3,80
48,921,squat,3,5,90
48,922,squat,4,5,100
48,923,squat,5,5,100
48,924,squat,6,5,100
49,925,snatch,1,4,40
49,926,snatch,2,5,50
49,927,snatch,3,5,55
49,928,snatch,4,5,60
49,929,snatch,5,5,60
49,930,snatch,6,5,65
49,931,clean_and_jerk,1,4,50
49,932,clean_and_jerk,2,5,70
49,933,clean_and_jerk,3,5,70
49,934,clean_and_jerk,4,5,75
49,935,clean_and_jerk,5,5,75
49,936,clean_and_jerk,6,5,80
49,937,squat,1,3,60
49,938,squat,2,3,80
49,939,squat,3,5,90
49,940,squat,4,5,100
49,941,squat,5,5,100
49,942,squat,6,5,100
49,943,squat,7,5,100
50,944,snatch,1,3,40
50,945,snatch,2,3,40
50,946,snatch,3,3,50
50,947,snatch,4,3,60
50,948,snatch,5,2,70
50,949,snatch,6,1,75
50,950,snatch,7,1,75
50,951,clean_and_jerk,1,4,40
50,952,clean_and_jerk,2,3,40
50,953,clean_and_jerk,3,3,50
50,954,clean_and_jerk,4,3,60
50,955,clean_and_jerk,5,3,70
50,956,clean_and_jerk,6,2,80
50,957,clean_and_jerk,7,1,90
51,958,snatch,1,3,40
51,959,snatch,2,4,40
51,960,snatch,3,2,50
51,961,snatch,4,2,60
51,962,snatch,5,1,60
51,963,snatch,6,1,65
51,964,snatch,7,1,70
51,965,snatch,8,1,75
51,966,snatch,9,1,70
51,967,clean_and_jerk,1,3,50
51,968,clean_and_jerk,2,2,70
51,969,clean_and_jerk,3,2,70
51,970,clean_and_jerk,4,1,80
51,971,clean_and_jerk,5,1,85
51,972,clean_and_jerk,6,1,90
51,973,squat,1,3,50
51,974,squat,2,3,70
51,975,squat,3,2,90
51,976,squat,4,2,100
51,977,squat,5,2,110
51,978,squat,6,1,120
51,979,squat,7,1,125
51,980,squat,8,1,130
51,981,power_snatch,1,5,20
51,982,power_snatch,2,5,20
51,983,power_snatch,3,5,20
51,984,power_snatch,4,5,10
51,985,power_snatch,5,5,10
51,986,power_snatch,6,5,10
52,987,snatch,1,3,40
52,988,snatch,2,3,40
52,989,snatch,3,3,50
52,990,snatch,4,3,50
52,991,snatch,5,2,60
52,992,snatch,6,1,70
52,993,snatch,7,1,70
52,994,clean_and_jerk,1,2,50
52,995,clean_and_jerk,2,2,60
52,996,clean_and_jerk,3,2,70
52,997,clean_and_jerk,4,2,80
52,998,clean_and_jerk,5,2,80
52,999,clean_and_jerk,6,2,80
52,1000,clean_and_jerk,7,2,90
52,1001,squat,1,5,50
52,1002,squat,2,3,70
52,1003,squat,3,3,80
52,1004,squat,4,3,90
52,1005,squat,5,3,100
52,1006,squat,6,3,100
52,1007,squat,7,3,100
52,1008,squat,8,3,100
53,1009,snatch,1,4,40
53,1010,snatch,2,4,40
53,1011,snatch,3,4,50
53,1012,snatch,4,2,60
53,1013,snatch,5,2,60
53,1014,snatch,6,1,70
53,1015,snatch,7,1,70
53,1016,snatch,8,1,60
53,1017,snatch,9,1,65
53,1018,snatch,10,1,70
53,1019,clean_and_jerk,1,3,50
53,1020,clean_and_jerk,2,3,60
53,1021,clean_and_jerk,3,3,70
53,1022,clean_and_jerk,4,2,80
53,1023,clean_and_jerk,5,2,90
53,1024,clean_and_jerk,6,1,95
53,1025,clean_and_jerk,7,1,100
53,1026,clean_pull,1,2,110
53,1027,clean_pull,2,2,110
53,1028,clean_pull,3,2,110
53,1029,squat,1,5,50
53,1030,squat,2,3,70
53,1031,squat,3,3,90
53,1032,squat,4,3,100
53,1033,squat,5,3,110
53,1034,squat,6,3,110
53,1035,squat,7,3,110
53,1036,squat,8,3,110
54,1037,snatch,1,4,40
54,1038,snatch,2,4,40
54,1039,snatch,3,4,50
54,1040,snatch,4,2,60
54,1041,snatch,5,1,70
54,1042,snatch,6,2,70
54,1043,snatch,7,1,70
54,1044,snatch,8,1,70
54,1045,snatch,9,1,70
54,1046,clean_and_jerk,1,5,50
54,1047,clean_and_jerk,2,4,60
54,1048,clean_and_jerk,3,4,70
54,1049,clean_and_jerk,4,2,80
54,1050,clean_and_jerk,5,2,90
54,1051,clean_and_jerk,6,1,95
54,1052,front_squat,1,2,50
54,1053,front_squat,2,2,70
54,1054,front_squat,3,2,80
54,1055,front_squat,4,2,90
54,1056,front_squat,5,2,90
54,1057,front_squat,6,2,90
54,1058,front_squat,7,2,90
54,1059,squat,1,3,100
54,1060,squat,2,3,100
54,1061,bench,1,10,20
54,1062,bench,2,6,40
54,1063,bench,3,6,40
54,1064,bench,4,5,50
54,1065,bench,5,3,60
54,1066,bench,6,3,60
54,1067,bench,7,3,60
55,1068,snatch,1,4,40
55,1069,snatch,2,5,40
55,1070,snatch,3,4,50
55,1071,snatch,4,4,50
55,1072,snatch,5,3,60
55,1073,snatch,6,3,65
55,1074,snatch,7,1,70
55,1075,snatch,8,1,70
55,1076,clean_and_jerk,1,5,50
55,1077,clean_and_jerk,2,4,60
55,1078,clean_and_jerk,3,4,70
55,1079,clean_and_jerk,4,2,80
55,1080,clean_and_jerk,5,2,90
55,1081,clean_and_jerk,6,1,95
55,1082,clean_and_jerk,7,1,100
55,1083,squat,1,5,50
55,1084,squat,2,3,80
55,1085,squat,3,2,90
55,1086,squat,4,2,100
55,1087,squat,5,2,110
55,1088,squat,6,2,110
55,1089,squat,7,1,120
55,1090,squat,8,1,120
55,1091,front_squat,1,3,90
55,1092,front_squat,2,3,90
55,1093,front_squat,3,3,100
55,1094,split_jerk,1,8,20
55,1095,split_jerk,2,5,40
55,1096,split_jerk,3,4,50
55,1097,split_jerk,4,4,60
55,1098,split_jerk,5,4,60
55,1099,split_jerk,6,4,60
56,1100,snatch,1,4,40
56,1101,snatch,2,4,40
56,1102,snatch,3,4,50
56,1103,snatch,4,4,50
56,1104,snatch,5,2,60
56,1105,snatch,6,2,60
56,1106,snatch,7,1,65
56,1107,snatch,8,1,70
56,1108,snatch,9,1,75
56,1109,clean_and_jerk,1,5,50
56,1110,clean_and_jerk,2,4,60
56,1111,clean_and_jerk,3,4,70
56,1112,clean_and_jerk,4,2,80
56,1113,clean_and_jerk,5,1,90
56,1114,clean_and_jerk,6,1,95
56,1115,squat,1,3,50
56,1116,squat,2,3,70
56,1117,squat,3,2,90
56,1118,squat,4,2,100
56,1119,squat,5,2,110
56,1120,squat,6,2,110
56,1121,squat,7,2,110
56,1122,squat,8,2,110
57,1123,snatch,1,4,40
57,1124,snatch,2,4,40
57,1125,snatch,3,3,50
57,1126,snatch,4,2,50
57,1127,snatch,5,2,60
57,1128,snatch,6,2,70
57,1129,snatch,7,2,70
57,1130,snatch,8,2,60
57,1131,snatch,9,1,70
57,1132,snatch,10,1,71
57,1133,clean_and_jerk,1,4,50
57,1134,clean_and_jerk,2,2,70
57,1135,clean_and_jerk,3,2,80
57,1136,clean_and_jerk,4,1,90
57,1137,clean_and_jerk,5,1,100
57,1138,clean_and_jerk,6,2,80
57,1139,clean_and_jerk,7,2,80
57,1140,clean_and_jerk,8,2,80
57,1141,squat,1,5,50
57,1142,squat,2,3,70
57,1143,squat,3,3,80
57,1144,squat,4,3,90
57,1145,squat,5,2,100
57,1146,squat,6,2,110
57,1147,squat,7,2,110
57,1148,squat,8,2,110
57,1149,squat,9,2,110
58,1150,snatch,1,5,40
58,1151,snatch,2,3,40
58,1152,snatch,3,3,50
58,1153,snatch,4,2,60
58,1154,snatch,5,2,70
58,1155,snatch,6,2,70
58,1156,snatch,7,1,75
58,1157,clean_and_jerk,1,3,50
58,1158,clean_and_jerk,2,2,70
58,1159,clean_and_jerk,3,2,80
58,1160,clean_and_jerk,4,1,90
58,1161,clean_and_jerk,5,1,100
58,1162,squat,1,5,50
58,1163,squat,2,3,70
58,1164,squat,3,3,90
58,1165,squat,4,2,100
58,1166,squat,5,2,110
58,1167,squat,6,2,110
58,1168,squat,7,2,110
58,1169,squat,8,2,110
59,1170,snatch,1,3,40
59,1171,snatch,2,3,40
59,1172,snatch,3,3,50
59,1173,snatch,4,1,60
59,1174,snatch,5,1,65
59,1175,snatch,6,1,65
59,1176,snatch,7,1,70
59,1177,snatch,8,1,70
59,1178,clean_and_jerk,1,3,50
59,1179,clean_and_jerk,2,3,60
59,1180,clean_and_jerk,3,1,70
59,1181,clean_and_jerk,4,1,80
59,1182,clean_and_jerk,5,1,90
59,1183,clean_and_jerk,6,1,95
59,1184,squat,1,5,50
59,1185,squat,2,3,70
59,1186,squat,3,3,80
59,1187,squat,4,3,90
59,1188,squat,5,3,90
59,1189,squat,6,3,90
60,1190,squat,1,8,40
60,1191,squat,2,6,50
60,1192,squat,3,6,50
60,1193,squat,4,3,70
60,1194,squat,5,3,90
60,1195,squat,6,3,90
60,1196,squat,7,2,110
60,1197,squat,8,2,100
60,1198,snatch,1,4,40
60,1199,snatch,2,4,40
60,1200,snatch,3,3,50
60,1201,snatch,4,3,50
60,1202,snatch,5,2,55
60,1203,snatch,6,2,55
60,1204,snatch,7,2,55
60,1205,clean_and_jerk,1,5,40
60,1206,clean_and_jerk,2,5,40
60,1207,clean_and_jerk,3,4,50
60,1208,clean_and_jerk,4,4,50
60,1209,clean_and_jerk,5,4,60
60,1210,clean_and_jerk,6,3,70
60,1211,clean_and_jerk,7,3,70
60,1212,clean_and_jerk,8,1,75
60,1213,clean_and_jerk,9,1,80
60,1214,clean_and_jerk,10,1,85
60,1215,snatch_pull,1,10,20
60,1216,snatch_pull,2,10,20
60,1217,snatch_pull,3,10,20
60,1218,snatch_pull,4,10,20
60,1219,snatch_pull,5,10,20
61,1220,snatch,1,3,40
61,1221,snatch,2,3,40
61,1222,snatch,3,3,50
61,1223,snatch,4,2,60
61,1224,snatch,5,2,65
61,1225,snatch,6,2,70
61,1226,snatch,7,2,70
61,1227,snatch,8,2,70
61,1228,clean_and_jerk,1,3,50
61,1229,clean_and_jerk,2,3,60
61,1230,clean_and_jerk,3,3,70
61,1231,clean_and_jerk,4,2,80
61,1232,clean_and_jerk,5,1,90
61,1233,clean_and_jerk,6,1,90
61,1234,squat,1,4,50
61,1235,squat,2,4,70
61,1236,squat,3,3,90
61,1237,squat,4,2,110
61,1238,squat,5,2,110
61,1239,squat,6,2,110
61,1240,squat,7,2,110
62,1241,snatch,1,4,40
62,1242,snatch,2,4,40
62,1243,snatch,3,3,50
62,1244,snatch,4,3,50
62,1245,snatch,5,3,60
62,1246,snatch,6,2,65
62,1247,snatch,7,1,70
62,1248,snatch,8,1,70
62,1249,snatch,9,1,70
62,1250,clean_and_jerk,1,3,50
62,1251,clean_and_jerk,2,3,60
62,1252,clean_and_jerk,3,2,70
62,1253,clean_and_jerk,4,2,80
62,1254,clean_and_jerk,5,2,90
62,1255,clean_and_jerk,6,2,90
62,1256,clean_and_jerk,7,1,95
62,1257,squat,1,5,50
62,1258,squat,2,3,70
62,1259,squat,3,3,90
62,1260,squat,4,2,100
62,1261,squat,5,2,110
62,1262,squat,6,2,110
62,1263,squat,7,2,110
62,1264,squat,8,2,110
63,1265,snatch,1,4,40
63,1266,snatch,2,4,40
63,1267,snatch,3,3,50
63,1268,snatch,4,2,60
63,1269,snatch,5,2,70
63,1270,snatch,6,2,70
63,1271,clean_and_jerk,1,4,40
63,1272,clean_and_jerk,2,3,50
63,1273,clean_and_jerk,3,3,60
63,1274,clean_and_jerk,4,2,70
63,1275,clean_and_jerk,5,2,70
63,1276,clean_and_jerk,6,2,80
63,1277,clean_and_jerk,7,1,85
63,1278,clean_and_jerk,8,1,90
63,1279,clean_and_jerk,9,1,90
63,1280,squat,1,5,50
63,1281,squat,2,5,70
63,1282,squat,3,3,90
63,1283,squat,4,2,100
63,1284,squat,5,2,110
63,1285,squat,6,2,110
63,1286,squat,7,2,110
63,1287,squat,8,2,110
63,1288,front_squat,1,3,90
63,1289,front_squat,2,3,90
63,1290,front_squat,3,2,100
64,1291,snatch,1,5,20
64,1292,snatch,2,4,40
64,1293,snatch,3,4,50
64,1294,snatch,4,4,50
64,1295,snatch,5,4,50
64,1296,snatch,6,4,50
64,1297,clean_and_jerk,1,5,20
64,1298,clean_and_jerk,2,4,50
64,1299,clean_and_jerk,3,3,60
64,1300,clean_and_jerk,4,4,70
64,1301,clean_and_jerk,5,4,70
64,1302,clean_and_jerk,6,4,70
64,1303,clean_and_jerk,7,4,70
64,1304,squat,1,5,50
64,1305,squat,2,5,70
64,1306,squat,3,3,90
64,1307,squat,4,3,100
64,1308,squat,5,3,100
64,1309,squat,6,3,100
64,1310,squat,7,3,100
65,1311,squat,1,8,50
65,1312,squat,2,5,60
65,1313,squat,3,3,70
65,1314,squat,4,3,80
65,1315,squat,5,3,90
65,1316,squat,6,4,100
65,1317,squat,7,4,100
65,1318,squat,8,4,100
65,1319,squat,9,4,100
65,1320,squat,10,4,100
65,1321,push_up,1,10,
65,1322,push_up,2,10,
65,1323,push_up,3,10,
66,1324,snatch,1,5,20
66,1325,snatch,2,4,40
66,1326,snatch,3,3,40
66,1327,snatch,4,3,50
66,1328,snatch,5,3,50
66,1329,snatch,6,2,60
66,1330,snatch,7,2,60
66,1331,snatch,8,2,70
66,1332,snatch,9,1,75
66,1333,snatch,10,1,75
66,1334,clean_and_jerk,1,4,50
66,1335,clean_and_jerk,2,4,50
66,1336,clean_and_jerk,3,2,70
66,1337,clean_and_jerk,4,1,80
66,1338,clean_and_jerk,5,1,90
66,1339,clean_and_jerk,6,1,95
66,1340,clean_and_jerk,7,1,100
66,1341,split_jerk,1,6,20
66,1342,split_jerk,2,6,20
66,1343,split_jerk,3,5,40
66,1344,split_jerk,4,5,50
66,1345,split_jerk,5,5,50
66,1346,split_jerk,6,5,50
67,1348,crunch,1,25,
67,1349,ohp,1,20,12
67,1350,good_morning,1,15,20
67,1351,squat,1,10,20
67,1352,squat,2,5,40
67,1353,squat,3,5,50
67,1354,squat,4,3,70
67,1355,squat,5,3,80
67,1356,squat,6,4,90
67,1357,squat,7,5,100
67,1358,squat,8,5,100
67,1359,squat,9,5,100
67,1360,squat,10,5,100
67,1361,squat,11,5,100
67,1362,push_up,1,10,
67,1363,push_up,2,10,
67,1364,push_up,3,10,
67,1365,push_up,4,10,
68,1367,crunch,1,25,
68,1368,good_morning,1,15,20
68,1369,snatch,1,5,20
68,1370,snatch,2,3,40
68,1371,snatch,3,3,40
68,1372,snatch,4,2,50
68,1373,snatch,5,2,50
68,1374,snatch,6,2,60
68,1375,snatch,7,2,60
68,1376,snatch,8,1,70
68,1377,snatch,9,1,70
68,1378,snatch,10,2,65
68,1379,snatch,11,2,65
68,1380,snatch,12,2,65
68,1381,clean_and_jerk,1,4,40
68,1382,clean_and_jerk,2,2,50
68,1383,clean_and_jerk,3,2,70
68,1384,clean_and_jerk,4,2,80
68,1385,clean_and_jerk,5,1,80
68,1386,clean_and_jerk,6,1,90
68,1387,clean_and_jerk,7,1,95
68,1388,squat,1,10,20
68,1389,squat,2,5,50
68,1390,squat,3,4,70
68,1391,squat,4,3,90
68,1392,squat,5,2,100
68,1393,squat,6,2,110
68,1394,squat,7,2,120
68,1395,ohp,1,20,5
68,1396,ohp,2,4,40
68,1397,ohp,3,4,40
68,1398,ohp,4,4,40
68,1399,ohp,5,3,50
69,1401,crunch,1,25,
69,1402,good_morning,1,15,20
69,1403,snatch,1,5,20
69,1404,snatch,2,3,40
69,1405,snatch,3,3,40
69,1406,snatch,4,3,50
69,1407,snatch,5,3,50
69,1408,snatch,6,2,60
69,1409,snatch,7,2,60
69,1410,snatch,8,1,65
69,1411,snatch,9,1,70
69,1412,clean_and_jerk,1,4,40
69,1413,clean_and_jerk,2,2,50
69,1414,clean_and_jerk,3,2,70
69,1415,clean_and_jerk,4,2,70
69,1416,clean_and_jerk,5,2,80
69,1417,clean_and_jerk,6,1,90
69,1418,squat,1,6,50
69,1419,squat,2,4,70
69,1420,squat,3,3,90
69,1421,squat,4,3,100
69,1422,squat,5,2,110
69,1423,squat,6,2,110
69,1424,squat,7,2,110
69,1425,squat,8,2,110
69,1426,front_squat,1,3,90
69,1427,front_squat,2,3,90
69,1428,front_squat,3,2,100
70,1430,crunch,1,25,
70,1431,snatch,1,5,20
70,1432,snatch,2,3,40
70,1433,snatch,3,3,40
70,1434,snatch,4,3,50
70,1435,snatch,5,3,50
70,1436,snatch,6,2,60
70,1437,snatch,7,2,60
70,1438,snatch,8,2,65
70,1439,snatch,9,2,70
70,1440,clean_and_jerk,1,3,50
70,1441,clean_and_jerk,2,3,50
70,1442,clean_and_jerk,3,2,70
70,1443,clean_and_jerk,4,2,70
70,1444,clean_and_jerk,5,2,80
70,1445,clean_and_jerk,6,1,90
70,1446,clean_and_jerk,7,1,95
70,1447,clean_and_jerk,8,1,90
70,1448,squat,1,6,50
70,1449,squat,2,4,70
70,1450,squat,3,3,90
70,1451,squat,4,3,100
70,1452,squat,5,2,110
70,1453,squat,6,2,110
70,1454,squat,7,2,110
70,1455,squat,8,2,110
71,1457,good_morning,1,15,20
71,1458,crunch,1,25,
71,1459,snatch,1,10,20
71,1460,snatch,2,4,40
71,1461,snatch,3,3,40
71,1462,snatch,4,3,50
71,1463,snatch,5,3,50
71,1464,snatch,6,2,60
71,1465,snatch,7,2,60
71,1466,snatch,8,1,70
71,1467,snatch,9,1,75
71,1468,clean_and_jerk,1,3,50
71,1469,clean_and_jerk,2,2,70
71,1470,clean_and_jerk,3,2,70
71,1471,clean_and_jerk,4,1,80
71,1472,clean_and_jerk,5,1,90
71,1473,clean_and_jerk,6,1,95
71,1474,squat,1,5,50
71,1475,squat,2,5,70
71,1476,squat,3,3,90
71,1477,squat,4,3,100
71,1478,squat,5,3,110
71,1479,squat,6,3,110
71,1480,squat,7,3,110
71,1481,squat,8,3,110
72,1483,crunch,1,25,
72,1484,good_morning,1,15,20
72,1485,hang_snatch,1,5,20
72,1486,hang_snatch,2,3,40
72,1487,hang_snatch,3,3,40
72,1488,hang_snatch,4,3,50
72,1489,hang_snatch,5,3,50
72,1490,hang_snatch,6,3,60
72,1491,hang_snatch,7,3,60
72,1492,hang_snatch,8,3,60
72,1493,hang_snatch,9,3,60
72,1494,hang_clean,1,5,20
72,1495,hang_clean,2,3,50
72,1496,hang_clean,3,3,70
72,1497,hang_clean,4,3,80
72,1498,hang_clean,5,3,80
72,1499,hang_clean,6,3,80
72,1500,hang_clean,7,3,80
72,1501,snatch_pull,1,4,70
72,1502,snatch_pull,2,4,80
72,1503,snatch_pull,3,4,80
72,1504,snatch_pull,4,4,90
72,1505,snatch_pull,5,4,90
73,1507,crunch,1,25,
73,1508,good_morning,1,15,20
73,1509,snatch,1,5,20
73,1510,snatch,2,4,40
73,1511,snatch,3,4,40
73,1512,snatch,4,3,50
73,1513,snatch,5,3,50
73,1514,snatch,6,2,60
73,1515,snatch,7,2,60
73,1516,snatch,8,1,65
73,1517,snatch,9,1,70
73,1518,snatch,10,1,70
73,1519,clean_and_jerk,1,3,50
73,1520,clean_and_jerk,2,1,60
73,1521,clean_and_jerk,3,1,60
73,1522,clean_and_jerk,4,2,70
73,1523,clean_and_jerk,5,2,70
73,1524,clean_and_jerk,6,1,80
73,1525,clean_and_jerk,7,1,85
73,1526,clean_and_jerk,8,1,90
73,1527,clean_and_jerk,9,1,95
73,1528,squat,1,5,50
73,1529,squat,2,3,70
73,1530,squat,3,3,90
73,1531,squat,4,3,100
73,1532,squat,5,3,110
73,1533,squat,6,3,110
73,1534,squat,7,3,110
73,1535,squat,8,3,110
74,1537,crunch,1,25,
74,1538,good_morning,1,15,20
74,1539,snatch,1,5,20
74,1540,snatch,2,4,40
74,1541,snatch,3,4,40
74,1542,snatch,4,3,50
74,1543,snatch,5,3,50
74,1544,snatch,6,2,60
74,1545,snatch,7,1,70
74,1546,snatch,8,1,75
74,1547,snatch,9,1,75
74,1548,clean_and_jerk,1,3,50
74,1549,clean_and_jerk,2,3,50
74,1550,clean_and_jerk,3,2,70
74,1551,clean_and_jerk,4,2,70
74,1552,clean_and_jerk,5,1,80
74,1553,clean_and_jerk,6,1,90
74,1554,clean_and_jerk,7,1,95
74,1555,clean_and_jerk,8,1,100
74,1556,clean_and_jerk,9,1,100
74,1557,squat,1,5,50
74,1558,squat,2,3,70
74,1559,squat,3,3,90
74,1560,squat,4,3,100
74,1561,squat,5,3,110
74,1562,squat,6,3,110
74,1563,squat,7,2,120
74,1564,squat,8,3,110
75,1566,crunch,1,25,
75,1567,good_morning,1,15,20
75,1568,clean_and_jerk,1,3,40
75,1569,clean_and_jerk,2,3,40
75,1570,clean_and_jerk,3,2,50
75,1571,clean_and_jerk,4,2,60
75,1572,clean_and_jerk,5,2,70
75,1573,clean_and_jerk,6,2,80
75,1574,clean_and_jerk,7,1,90
75,1575,clean_and_jerk,8,1,95
75,1576,clean_and_jerk,9,1,100
75,1577,snatch,1,4,40
75,1578,snatch,2,4,40
75,1579,snatch,3,3,50
75,1580,snatch,4,3,50
75,1581,snatch,5,2,60
75,1582,snatch,6,1,70
75,1583,snatch,7,1,70
75,1584,snatch,8,1,75
75,1585,snatch,9,1,77.5
75,1586,snatch,10,2,70
75,1587,snatch,11,2,70
75,1588,front_squat,1,5,50
75,1589,front_squat,2,3,70
75,1590,front_squat,3,3,80
75,1591,front_squat,4,3,90
75,1592,front_squat,5,3,100
75,1593,front_squat,6,3,100
75,1594,front_squat,7,3,100
75,1595,front_squat,8,3,100
76,1597,crunch,1,25,
76,1598,good_morning,1,15,20
76,1599,hang_snatch,1,5,20
76,1600,hang_snatch,2,4,40
76,1601,hang_snatch,3,3,50
76,1602,hang_snatch,4,3,60
76,1603,hang_snatch,5,3,60
76,1604,hang_snatch,6,3,60
76,1605,hang_snatch,7,2,65
76,1606,hang_snatch,8,2,65
76,1607,hang_snatch,9,1,70
76,1608,hang_clean,1,5,20
76,1609,hang_clean,2,3,50
76,1610,hang_clean,3,2,60
76,1611,hang_clean,4,3,70
76,1612,hang_clean,5,3,80
76,1613,hang_clean,6,3,80
76,1614,hang_clean,7,3,80
76,1615,squat,1,5,60
76,1616,squat,2,3,80
76,1617,squat,3,3,100
76,1618,squat,4,3,110
76,1619,squat,5,3,110
76,1620,squat,6,3,110
76,1621,squat,7,3,110
77,1623,crunch,1,25,
77,1624,good_morning,1,15,20
77,1625,snatch,1,5,20
77,1626,snatch,2,4,40
77,1627,snatch,3,3,50
77,1628,snatch,4,3,50
77,1629,snatch,5,2,60
77,1630,snatch,6,2,60
77,1631,snatch,7,1,70
77,1632,snatch,8,1,70
77,1633,snatch,9,1,70
77,1634,clean_and_jerk,1,3,50
77,1635,clean_and_jerk,2,2,60
77,1636,clean_and_jerk,3,2,70
77,1637,clean_and_jerk,4,2,80
77,1638,clean_and_jerk,5,1,90
77,1639,clean_and_jerk,6,1,90
77,1640,front_squat,1,3,60
77,1641,front_squat,2,3,80
77,1642,front_squat,3,3,90
77,1643,front_squat,4,3,100
77,1644,front_squat,5,3,100
77,1645,front_squat,6,3,100
78,1647,crunch,1,25,
78,1648,good_morning,1,15,20
78,1649,power_snatch,1,5,20
78,1650,power_snatch,2,4,40
78,1651,power_snatch,3,3,50
78,1652,power_snatch,4,3,60
78,1653,power_snatch,5,3,60
78,1654,power_snatch,6,3,65
78,1655,power_snatch,7,1,70
78,1656,power_snatch,8,1,75
78,1657,power_clean,1,3,50
78,1658,power_clean,2,3,60
78,1659,power_clean,3,3,70
78,1660,power_clean,4,3,80
78,1661,power_clean,5,3,80
78,1662,power_clean,6,3,80
78,1663,power_clean,7,1,90
78,1664,power_clean,8,1,90
78,1665,front_squat,1,5,60
78,1666,front_squat,2,3,80
78,1667,front_squat,3,3,90
78,1668,front_squat,4,3,100
78,1669,front_squat,5,3,100
78,1670,front_squat,6,3,100
79,1672,crunch,1,25,
79,1673,good_morning,1,15,20
79,1674,clean_and_jerk,1,2,40
79,1675,clean_and_jerk,2,2,50
79,1676,clean_and_jerk,3,2,70
79,1677,clean_and_jerk,4,2,80
79,1678,clean_and_jerk,5,1,90
79,1679,clean_and_jerk,6,1,100
79,1680,clean_and_jerk,7,1,102.5
79,1681,snatch,1,5,20
79,1682,snatch,2,2,40
79,1683,snatch,3,2,50
79,1684,snatch,4,2,60
79,1685,snatch,5,1,70
79,1686,snatch,6,1,70
79,1687,snatch,7,1,75
79,1688,snatch,8,1,75
79,1689,snatch,9,1,75
79,1690,snatch,10,1,75
79,1691,front_squat,1,3,60
79,1692,front_squat,2,3,80
79,1693,front_squat,3,3,90
79,1694,front_squat,4,3,100
79,1695,front_squat,5,3,100
79,1696,front_squat,6,3,100
79,1697,front_squat,7,3,100
80,1699,crunch,1,25,
80,1700,good_morning,1,15,20
80,1701,power_snatch,1,5,20
80,1702,power_snatch,2,3,40
80,1703,power_snatch,3,3,40
80,1704,power_snatch,4,5,50
80,1705,power_snatch,5,4,60
80,1706,power_snatch,6,3,60
80,1707,power_snatch,7,3,60
80,1708,power_snatch,8,4,65
80,1709,power_clean,1,3,50
80,1710,power_clean,2,3,60
80,1711,power_clean,3,3,70
80,1712,power_clean,4,3,80
80,1713,power_clean,5,3,80
80,1714,power_clean,6,3,80
80,1715,power_clean,7,1,90
81,1717,crunch,1,25,
81,1718,good_morning,1,15,20
81,1719,snatch,1,5,20
81,1720,snatch,2,3,40
81,1721,snatch,3,3,40
81,1722,snatch,4,3,50
81,1723,snatch,5,3,60
81,1724,snatch,6,3,60
81,1725,snatch,7,3,60
81,1726,snatch,8,1,65
81,1727,snatch,9,1,70
81,1728,snatch,10,1,70
81,1729,snatch,11,1,70
81,1730,clean_and_jerk,1,3,20
81,1731,clean_and_jerk,2,3,50
81,1732,clean_and_jerk,3,3,70
81,1733,clean_and_jerk,4,3,80
81,1734,clean_and_jerk,5,3,80
81,1735,clean_and_jerk,6,3,80
81,1736,clean_and_jerk,7,1,90
81,1737,front_squat,1,3,70
81,1738,front_squat,2,3,90
81,1739,front_squat,3,3,105
81,1740,front_squat,4,2,105
81,1741,front_squat,5,1,105
81,1742,front_squat,6,2,105
81,1743,front_squat,7,1,105
81,1744,split_jerk,1,3,50
81,1745,split_jerk,2,3,50
81,1746,split_jerk,3,3,60
81,1747,split_jerk,4,3,60
81,1748,split_jerk,5,3,60
82,1750,crunch,1,25,
82,1751,good_morning,1,15,20
82,1752,power_snatch,1,5,20
82,1753,power_snatch,2,3,40
82,1754,power_snatch,3,3,40
82,1755,power_snatch,4,3,50
82,1756,power_snatch,5,3,60
82,1757,power_snatch,6,3,60
82,1758,power_snatch,7,3,60
82,1759,power_snatch,8,3,60
82,1760,power_clean,1,3,50
82,1761,power_clean,2,3,70
82,1762,power_clean,3,3,80
82,1763,power_clean,4,3,80
82,1764,power_clean,5,3,80
82,1765,power_clean,6,1,90
82,1766,power_clean,7,1,90
82,1767,squat,1,5,50
82,1768,squat,2,5,70
82,1769,squat,3,3,90
82,1770,squat,4,3,110
82,1771,squat,5,3,110
82,1772,squat,6,3,110
82,1773,squat,7,3,110
82,1774,squat,8,2,120
82,1775,squat,9,1,130
82,1776,squat,10,1,135
83,1778,crunch,1,25,
83,1779,good_morning,1,15,20
83,1780,snatch,1,5,20
83,1781,snatch,2,3,40
83,1782,snatch,3,3,40
83,1783,snatch,4,3,50
83,1784,snatch,5,3,60
83,1785,snatch,6,3,60
83,1786,snatch,7,3,60
83,1787,snatch,8,3,60
83,1788,snatch,9,1,65
83,1789,clean_and_jerk,1,3,20
83,1790,clean_and_jerk,2,3,45
83,1791,clean_and_jerk,3,3,60
83,1792,clean_and_jerk,4,2,70
83,1793,clean_and_jerk,5,3,80
83,1794,clean_and_jerk,6,3,80
83,1795,clean_and_jerk,7,3,80
83,1796,clean_and_jerk,8,3,80
83,1797,squat,1,5,60
83,1798,squat,2,3,80
83,1799,squat,3,1,90
83,1800,squat,4,3,100
83,1801,squat,5,3,100
83,1802,squat,6,3,100
83,1803,squat,7,3,100
83,1804,squat,8,3,100
84,1806,crunch,1,25,
84,1807,good_morning,1,15,20
84,1808,snatch,1,5,20
84,1809,snatch,2,3,40
84,1810,snatch,3,2,40
84,1811,snatch,4,2,50
84,1812,snatch,5,3,60
84,1813,snatch,6,3,65
84,1814,snatch,7,3,65
84,1815,snatch,8,3,65
84,1816,snatch,9,1,70
84,1817,snatch,10,1,75
84,1818,clean_and_jerk,1,3,20
84,1819,clean_and_jerk,2,3,50
84,1820,clean_and_jerk,3,2,70
84,1821,clean_and_jerk,4,1,80
84,1822,clean_and_jerk,5,3,85
84,1823,clean_and_jerk,6,3,85
84,1824,clean_and_jerk,7,3,85
84,1825,front_squat,1,3,50
84,1826,front_squat,2,3,70
84,1827,front_squat,3,3,90
84,1828,front_squat,4,2,100
84,1829,front_squat,5,2,100
84,1830,front_squat,6,2,100
84,1831,front_squat,7,2,100
84,1832,ohp,1,20,5
84,1833,ohp,2,4,40
84,1834,ohp,3,4,40
84,1835,ohp,4,4,40
84,1836,ohp,5,4,40
84,1837,ohp,6,3,50
85,1839,crunch,1,25,
85,1840,good_morning,1,15,20
85,1841,power_snatch,1,10,20
85,1842,power_snatch,2,3,40
85,1843,power_snatch,3,3,40
85,1844,power_snatch,4,3,50
85,1845,power_snatch,5,3,60
85,1846,power_snatch,6,3,60
85,1847,power_snatch,7,3,60
85,1848,power_snatch,8,3,60
85,1849,power_clean,1,3,50
85,1850,power_clean,2,2,60
85,1851,power_clean,3,2,70
85,1852,power_clean,4,3,80
85,1853,power_clean,5,3,80
85,1854,power_clean,6,3,80
85,1855,power_clean,7,3,80
85,1856,power_clean,8,1,90
85,1857,squat,1,5,60
85,1858,squat,2,3,80
85,1859,squat,3,1,90
85,1860,squat,4,3,110
85,1861,squat,5,3,110
85,1862,squat,6,3,110
85,1863,squat,7,3,110
85,1864,squat,8,1,120
85,1865,bench,1,10,15
85,1866,bench,2,8,35
85,1867,bench,3,6,45
85,1868,bench,4,4,55
85,1869,bench,5,4,55
85,1870,bench,6,4,55
85,1871,bench,7,4,55
85,1872,bench,8,3,65
86,1874,crunch,1,25,
86,1875,good_morning,1,15,20
86,1876,snatch,1,5,20
86,1877,snatch,2,2,40
86,1878,snatch,3,2,40
86,1879,snatch,4,2,50
86,1880,snatch,5,2,60
86,1881,snatch,6,1,70
86,1882,snatch,7,1,75
86,1883,snatch,8,1,75
86,1884,snatch,9,1,70
86,1885,snatch,10,1,75
86,1886,clean_and_jerk,1,3,20
86,1887,clean_and_jerk,2,2,50
86,1888,clean_and_jerk,3,2,60
86,1889,clean_and_jerk,4,2,70
86,1890,clean_and_jerk,5,2,80
86,1891,clean_and_jerk,6,1,90
86,1892,clean_and_jerk,7,1,100
86,1893,clean_pull,1,3,100
86,1894,clean_pull,2,3,100
86,1895,clean_pull,3,3,100
86,1896,clean_pull,4,3,100
86,1897,front_squat,1,3,50
86,1898,front_squat,2,3,80
86,1899,front_squat,3,3,90
86,1900,front_squat,4,3,90
86,1901,front_squat,5,3,90
86,1902,front_squat,6,3,90
86,1903,front_squat,7,3,90
